title,author,pub_date,genres
Animal Farm,George Orwell,1945-08-17,"Roman à clef, Satire, Children's literature, Speculative fiction"
A Clockwork Orange,Anthony Burgess,1962,"Science Fiction, Novella, Speculative fiction, Utopian and dystopian fiction"
The Plague,Albert Camus,1947,"Existentialism, Fiction, Absurdist fiction, Novel"
An Enquiry Concerning Human Understanding,David Hume,,
A Fire Upon the Deep,Vernor Vinge,,"Hard science fiction, Science Fiction, Speculative fiction, Fantasy"
All Quiet on the Western Front,Erich Maria Remarque,1929-01-29,"War novel, Roman à clef"
A Wizard of Earthsea,Ursula K. Le Guin,1968,"Children's literature, Fantasy, Speculative fiction, Bildungsroman"
Anyone Can Whistle,Arthur Laurents,,
Blade Runner 3: Replicant Night,K. W. Jeter,1996-10-01,"Science Fiction, Speculative fiction"
Blade Runner 2: The Edge of Human,K. W. Jeter,1995-10-01,"Science Fiction, Speculative fiction"
Book of Joshua,,,
Book of Ezra,,,
Book of Numbers,,,
Book of Ruth,,,
Book of Esther,,,
Book of Job,,,Religious text
Book of Hosea,,,
Book of Jonah,,,
Book of Micah,,,
Book of Haggai,,,
Crash,J. G. Ballard,1973,"Speculative fiction, Fiction, Novel"
Children of Dune,Frank Herbert,1976,"Science Fiction, Speculative fiction, Children's literature, Fiction"
"Candide, ou l'Optimisme",Voltaire,1759-01,"Satire, Bildungsroman, Picaresque novel"
Chapterhouse Dune,Frank Herbert,1985-04,"Science Fiction, Speculative fiction, Children's literature, Fiction"
Carmilla,Sheridan Le Fanu,1872,Gothic fiction
The Cider House Rules,John Irving,1985,Fiction
Dracula,Bram Stoker,1897,"Science Fiction, Speculative fiction, Horror, Invasion literature"
Don Quixote,Miguel de Cervantes,1605,"Parody, Children's literature, Psychological novel, Satire"
Deuteronomy,,,
Dune Messiah,Frank Herbert,1969,"Science Fiction, Speculative fiction, Children's literature, Fiction"
Darwin's Dangerous Idea,Daniel Dennett,1995,"Philosophy, Science"
Death of a Hero,Richard Aldington,,Fiction
Exodus,,,Religious text
The Trial,Franz Kafka,1925,"Fiction, Absurdist fiction, Novel"
The Metamorphosis,,1915,"Children's literature, Absurdist fiction, Novella, Speculative fiction"
Fahrenheit 451,Ray Bradbury,1953,"Science Fiction, Children's literature, Speculative fiction, Utopian and dystopian fiction"
Farmer Giles of Ham,J. R. R. Tolkien,,"Fantasy, Fiction"
Gaudy Night,Dorothy L. Sayers,1935,"Mystery, Detective fiction, Novel, Fiction"
Gylfaginning,Snorri Sturluson,,
God Emperor of Dune,Frank Herbert,1981-05-28,"Science Fiction, Speculative fiction, Children's literature, Fiction"
Genesis,,,Religious text
Gone with the Wind,Margaret Mitchell,1936-06-30,"Historical fiction, Fiction, Novel"
Heart of Darkness,Joseph Conrad,1899,"Fiction, Novella, Roman à clef"
Hamlet,William Shakespeare,,
Heretics of Dune,Frank Herbert,1984,"Science Fiction, Speculative fiction, Fiction"
Adventures of Huckleberry Finn,Mark Twain,1884,"Satire, Children's literature, Fiction, Adventure novel"
Ivanhoe,Walter Scott,1819,"Historical fiction, Fiction, Historical novel"
Johnny Got His Gun,Dalton Trumbo,1939,"Fiction, Novel"
Icehenge,Kim Stanley Robinson,1984,"Science Fiction, Speculative fiction"
Leviticus,,,
Leaf by Niggle,J. R. R. Tolkien,,
Macbeth,William Shakespeare,,
Microserfs,Douglas Coupland,1995-06,"Epistolary novel, Fiction"
"Moby-Dick; or, The Whale",Herman Melville,1851-10-18,"Sea story, Fiction, Adventure novel"
Moonfleet,J. Meade Falkner,1898,Adventure novel
Neuromancer,William Gibson,1984-07-01,"Cyberpunk, Science Fiction, Speculative fiction, Dystopia"
Cryptonomicon,Neal Stephenson,1999,"Fiction, Novel"
No Logo,Naomi Klein,2000-01,"Business, Non-fiction, Economics, Anthropology"
Odyssey,Nextext,,
Othello,William Shakespeare,,
On War,Carl von Clausewitz,1832,
The Three Stigmata of Palmer Eldritch,Philip K. Dick,1965,"Science Fiction, Speculative fiction, Fiction, Dystopia"
Time out of Joint,Philip K. Dick,1959,"Science Fiction, Speculative fiction, Fiction, Dystopia"
A Scanner Darkly,Philip K. Dick,1977,"Science Fiction, Psychological novel, Speculative fiction, Roman à clef"
Radio Free Albemuth,Philip K. Dick,1985,"Science Fiction, Speculative fiction, Dystopia"
Pride and Prejudice,Jane Austen,1813-01-28,"Satire, Fiction, Romance novel, Novel"
Pale Fire,Vladimir Vladimirovich Nabokov,,Fiction
Pacific Overtures,Stephen Sondheim,,
Romeo and Juliet,William Shakespeare,,
Rosencrantz & Guildenstern Are Dead,Tom Stoppard,1967,Absurdist fiction
Ringworld,Larry Niven,1970,"Science Fiction, Speculative fiction, Fiction, Novel"
Rent,Jonathan Larson,,
Rendezvous with Rama,Arthur C. Clarke,1972,"Hard science fiction, Science Fiction, Speculative fiction"
Sense and Sensibility,Jane Austen,1811,"Children's literature, Fiction, Romance novel, Novel"
Speaker for the Dead,Orson Scott Card,1986,"Science Fiction, Speculative fiction, Fantasy, Fiction"
Starship Troopers,Robert A. Heinlein,1959-12,"Science Fiction, Speculative fiction, Fiction"
Sir Gawain and the Green Knight,Pearl Poet,2007,Poetry
Stuart Little,E. B. White,1945,"Speculative fiction, Children's literature, Fiction"
The Lord of the Rings,J. R. R. Tolkien,,"Adventure novel, Speculative fiction, Fantasy, Fiction"
The Doors of Perception,Aldous Huxley,1954,"Philosophy, Non-fiction"
The Time Machine,H. G. Wells,1895,"Science Fiction, Children's literature, Speculative fiction, Romance novel"
The Shockwave Rider,John Brunner,1975,"Science Fiction, Speculative fiction, Novel"
The Shining,Stephen King,1977-01,"Gothic fiction, Children's literature, Horror, Speculative fiction"
Mort,Terry Pratchett,,"Science Fiction, Speculative fiction, Fantasy, Fiction"
The Hound of the Baskervilles,Arthur Conan Doyle,1901,"Crime Fiction, Mystery, Detective fiction, Novel"
The Hobbit,J. R. R. Tolkien,1937,"Children's literature, Juvenile fantasy, Adventure novel, Speculative fiction"
The Great Divorce,C. S. Lewis,1945,"Speculative fiction, Fantasy, Religion"
The Screwtape Letters,C. S. Lewis,1942,"Epistolary novel, Inspirational, Speculative fiction, Satire"
The Pit and the Pendulum,Nancy Kilpatrick,1842,"Horror, Speculative fiction, Short story"
The Hunt for Red October,Tom Clancy,1984,"Novel, Techno-thriller, Children's literature, Fiction"
The Cardinal of the Kremlin,Tom Clancy,1988,"Thriller, Fiction, Novel"
Debt of Honor,Tom Clancy,,"Thriller, Fiction, Novel"
Tunnel in the Sky,Robert A. Heinlein,1955,"Science Fiction, Speculative fiction, Children's literature, Fiction"
The Mismeasure of Man,Stephen Jay Gould,1981,"Non-fiction, Science"
The Picture of Dorian Gray,Oscar Wilde,1890,"Gothic fiction, Speculative fiction, Horror, Fiction"
The Book of the City of Ladies,,,
The Sentinel,Arthur C. Clarke,1951,Speculative fiction
The Fountains of Paradise,Arthur C. Clarke,1979,"Science Fiction, Speculative fiction"
Lord of the Flies,William Golding,1954,"Speculative fiction, Young adult literature, Fiction, Novel"
Through the Looking-Glass,Lewis Carroll,1871,Children's literature
Waiting for Godot,Samuel Beckett,1952,"Poetry, Drama, Fiction, Absurdist fiction"
The Wanderer,Fritz Leiber,1964,"Science Fiction, Speculative fiction, Fantasy, Fiction"
2010: Odyssey Two,Arthur C. Clarke,1982-01,"Science Fiction, Speculative fiction"
Brave New World,Aldous Huxley,,"Science Fiction, Children's literature, Speculative fiction, Utopian and dystopian fiction"
Aeneid,Virgil,1943,"Fantasy, Fiction, Poetry"
Paradise Lost,John Milton,1667,Poetry
The Merchant of Venice,William Shakespeare,,
The Invisible Man,H. G. Wells,1897,"Albino bias, Science Fiction, Children's literature, Horror"
Twenty Thousand Leagues Under the Sea,Emanuel J Mickel,1869,"Science Fiction, Children's literature, Novel, Adventure novel"
Keep the Aspidistra Flying,George Orwell,1936,Novel
Manon Lescaut,Antoine François Prévost,,
"Lions' Commentary on UNIX 6th Edition, with Source Code",John Lions,1996,Computer Science
The Myth of Sisyphus,Albert Camus,1942,Existentialism
Cymbeline,William Shakespeare,,
Vanity Fair,William Makepeace Thackeray,,
Northanger Abbey,Jane Austen,1817-12,"Gothic fiction, Satire, Reference, Fiction"
Amadeus,Peter Shaffer,,
The Rime of the Ancient Mariner,Samuel Taylor Coleridge,,Poetry
The Eye of the World,Robert Jordan,1990-01-15,"Speculative fiction, Fantasy, High fantasy"
The Great Hunt,Robert Jordan,1990-11-15,"Speculative fiction, Fantasy"
A Crown of Swords,Robert Jordan,1996-05-15,"Speculative fiction, Fantasy"
Winter's Heart,Robert Jordan,2000-11-07,"Speculative fiction, Fantasy"
Around the World in Eighty Days,Jules Verne,,"Children's literature, Fiction, Adventure novel"
The Grapes of Wrath,John Steinbeck,1939,Novel
How Green Was My Valley,Richard Llewellyn,1939,"Historical fiction, Drama, Fiction, Novel"
Lady Audley's Secret,Mary Elizabeth Braddon,,
A Streetcar Named Desire,Tennessee Williams,,
The Queen of the Damned,Anne Rice,1988-10,"Horror, Supernatural, Speculative fiction, Fantasy"
Gulliver's Travels,Jonathan Swift,1726,"Science Fiction, Satire, Fantasy, Speculative fiction"
The Color Purple,Alice Walker,1982,"Epistolary novel, Fiction"
A Midsummer Night's Dream,William Shakespeare,1600,"Fantasy, Comedy"
The English Patient,Michael Ondaatje,1992-09,"Fiction, Novel"
Captains Courageous,Rudyard Kipling,1897,
Ramayana,Valmiki,,
The Forge of God,Greg Bear,1987,"Science Fiction, Speculative fiction, Fiction, Novel"
Blood Music,Greg Bear,1985,"Science Fiction, Speculative fiction, Fantasy, Fiction"
The World According to Garp,John Irving,1978,Literary fiction
Mutiny on the Bounty,James Norman Hall,1932,"History, Novel"
The Mothman Prophecies,John A. Keel,1975,
The Memory of Earth,Orson Scott Card,,"Science Fiction, Speculative fiction, Fiction"
Sixth Column,Robert A. Heinlein,1949,"Science Fiction, Fantasy, Fiction"
The Puppet Masters,Robert A. Heinlein,,"Science Fiction, Speculative fiction, Fiction"
Henry V,William Shakespeare,,
The Wind in the Willows,Kenneth Grahame,1908,"Children's literature, Fiction, Novel"
The Hunting of the Snark,Lewis Carroll,1876,Speculative fiction
Jonathan Livingston Seagull,Richard Bach,1970,"Self-help, Spirituality, Speculative fiction, Fiction"
I Am Legend,Richard Matheson,1954,"Vampire fiction, Science Fiction, Horror, Speculative fiction"
The Stranger,Albert Camus,,"Crime Fiction, Existentialism, Fiction, Absurdist fiction"
The Man in the High Castle,Philip K. Dick,1962-01-01,"Alternate history, Science Fiction, Speculative fiction, Fantasy"
Rocket Ship Galileo,Robert A. Heinlein,1947-05-01,"Science Fiction, Speculative fiction, Children's literature, Fiction"
Space Cadet,Robert A. Heinlein,1948,"Science Fiction, Speculative fiction, Fantasy, Fiction"
Between Planets,Robert A. Heinlein,,"Science Fiction, Speculative fiction, Children's literature, Fiction"
Starman Jones,Robert A. Heinlein,1953,"Science Fiction, Speculative fiction, Fiction, Novel"
Podkayne of Mars,Robert A. Heinlein,,"Science Fiction, Speculative fiction, Fiction"
Story of O,Pauline Réage,1954,Erotica
The Star Beast,Robert A. Heinlein,1954,"Science Fiction, Speculative fiction, Fiction"
Dr. No,Ian Fleming,1958-03-31,Spy fiction
The Andromeda Strain,Michael Crichton,1969-05-12,"Science Fiction, Speculative fiction, Techno-thriller, Mystery"
Harry Potter and the Philosopher's Stone,J. K. Rowling,1997-06-30,"Children's literature, Fantasy, Speculative fiction, Fiction"
Down and Out in Paris and London,George Orwell,1933-01-09,"Autobiographical novel, Autobiography, Fiction, Memoir"
The Last Man,Mary Shelley,1826-02,"Catastrophic literature, Apocalyptic and post-apocalyptic fiction, Science Fiction, Speculative fiction"
The Transmigration of Timothy Archer,Philip K. Dick,1982,"Speculative fiction, Novel"
Dirk Gently's Holistic Detective Agency,Douglas Adams,1987,"Science Fiction, Speculative fiction, Fantasy, Comedy"
Dragonflight,Anne McCaffrey,1968-07,"Science Fiction, Children's literature, Fantasy, Fiction"
The Diamond Age,Neal Stephenson,1995,"Cyberpunk, Science Fiction, Speculative fiction, Fiction"
The Hunchback of Notre Dame,Victor Hugo,1831-01-14,"Children's literature, Fiction"
Alice's Adventures in Wonderland,Lewis Carroll,1865-11-26,"Children's literature, Fantasy, Speculative fiction, Absurdist fiction"
Now Wait for Last Year,Philip K. Dick,1966,"Science Fiction, Speculative fiction, Fantasy"
The Magician's Nephew,C. S. Lewis,1955,"Speculative fiction, Fantasy, Children's literature"
The Patchwork Girl of Oz,L. Frank Baum,1913,"Speculative fiction, Fantasy, Children's literature"
To Sail Beyond the Sunset,Robert A. Heinlein,1987,"Science Fiction, Speculative fiction"
Double Star,Robert A. Heinlein,1956,"Science Fiction, Speculative fiction, Fantasy, Fiction"
Time for the Stars,Robert A. Heinlein,1956,"Science Fiction, Speculative fiction, Children's literature, Fiction"
Citizen of the Galaxy,Robert A. Heinlein,1957,"Science Fiction, Speculative fiction, Fiction"
Stranger in a Strange Land,Robert A. Heinlein,1961-06-01,"Science Fiction, Fiction"
Glory Road,Robert A. Heinlein,1963,"Science Fiction, Speculative fiction, Fantasy, Fiction"
The Moon Is a Harsh Mistress,Robert A. Heinlein,1966,"Science Fiction, Fantasy, Fiction"
I Will Fear No Evil,Robert A. Heinlein,1970,"Science Fiction, Speculative fiction, Fiction"
The Cat Who Walks Through Walls,Robert A. Heinlein,1985,"Science Fiction, Speculative fiction"
Methuselah's Children,Robert A. Heinlein,1958,"Science Fiction, Speculative fiction"
Life: A User's Manual,Georges Perec,1978,
The Wonderful Wizard of Oz,L. Frank Baum,1900,"Speculative fiction, Fantasy, Children's literature"
King Ottokar's Sceptre,Hergé,1939,
Wuthering Heights,Emily Brontë,1847-12,"Gothic fiction, Fiction, Novel"
Jane Eyre,Charlotte Brontë,1847-10-16,"Novel, Social criticism, Romance novel, Fiction"
Catch-22,Joseph Heller,1961-11-11,"Anti-war, War novel, Absurdist fiction, Historical fiction"
Robinson Crusoe,Daniel Defoe,1719-04-25,"Speculative fiction, Children's literature, Fiction, Adventure novel"
King Lear,William Shakespeare,,
Clear and Present Danger,Tom Clancy,,"Thriller, Mystery, Children's literature, Fiction"
Castle Rackrent,Maria Edgeworth,,"Fiction, Historical novel"
Julius Caesar,William Shakespeare,,
Emma,Jane Austen,1815-12,"Children's literature, Reference, Novel, Comedy of manners"
Charlie and the Chocolate Factory,Roald Dahl,1964,"Children's literature, Fantasy, Speculative fiction, Fiction"
Anne of Green Gables,Lucy Maud Montgomery,1908-06,"Children's literature, Novel"
The Wasp Factory,Iain Banks,1984,"Fiction, Novel"
Espedair Street,Iain Banks,1987,"Fiction, Novel"
The Crow Road,Iain Banks,1992,"Mystery, Novel, Fiction, Suspense"
Consider Phlebas,Iain Banks,1987,"Science Fiction, Speculative fiction"
Inversions,Iain Banks,1998,"Science Fiction, Speculative fiction"
An Inspector Calls,John Boynton Priestley,,
Ender's Game,Orson Scott Card,1985,"Science Fiction, Speculative fiction, Fiction"
Titus Andronicus,William Shakespeare,,
Measure for Measure,William Shakespeare,1861,Fiction
"Flow My Tears, The Policeman Said",Philip K. Dick,1974,"Science Fiction, Speculative fiction, Fiction, Dystopia"
Job: A Comedy of Justice,Robert A. Heinlein,1984,"Science Fiction, Speculative fiction, Novel"
Farmer in the Sky,Robert A. Heinlein,1950,"Science Fiction, Speculative fiction, Fiction, Novel"
Friday,Robert A. Heinlein,1982-04,"Science Fiction, Speculative fiction, Fiction, Novel"
Have Space Suit-Will Travel,Robert A. Heinlein,1958,"Science Fiction, Speculative fiction"
Requiem,Robert A. Heinlein,,
Red Planet,Robert A. Heinlein,1949,"Science Fiction, Fantasy, Fiction, Novel"
The Number of the Beast,Robert A. Heinlein,1980-07-12,Science Fiction
Foundation's Edge,Isaac Asimov,1982-06,"Science Fiction, Speculative fiction, Novel"
The Caves of Steel,Isaac Asimov,1954-06,"Science Fiction, Children's literature, Speculative fiction, Mystery"
Prelude to Foundation,Isaac Asimov,1988-11,"Science Fiction, Speculative fiction, Children's literature, Fiction"
Foundation and Earth,Isaac Asimov,1986,"Science Fiction, Speculative fiction, Fiction, Novel"
Time Enough for Love,Robert A. Heinlein,1973-06,"Science Fiction, Speculative fiction, Fiction"
The Rolling Stones,Robert A. Heinlein,1952,"Science Fiction, Speculative fiction, Children's literature, Fiction"
The Door into Summer,Robert A. Heinlein,1957,"Science Fiction, Speculative fiction, Fiction"
Farnham's Freehold,Robert A. Heinlein,1964,Science Fiction
The Maltese Falcon,Dashiell Hammett,1930,"Crime Fiction, Detective fiction, Mystery, Fiction"
The Treasure of the Sierra Madre,B. Traven,,"Western, Fiction, Adventure novel"
Funeral in Berlin,Len Deighton,1964,"Spy fiction, Fiction"
Billion-Dollar Brain,Len Deighton,1966,"Science Fiction, Spy fiction, Fiction"
Kim,Rudyard Kipling,1901,"Spy fiction, Novel, Picaresque novel"
Whit,Iain Banks,1995,"Science Fiction, Fantasy, Fiction, Novel"
Mostly Harmless,Douglas Adams,,"Science Fiction, Speculative fiction, Fiction, Comic science fiction"
The Lion in Winter,James Goldman,,
Native Son,Richard Wright,1940,"Fiction, Novel"
East Lynne,,,
A Farewell to Arms,Ernest Hemingway,1929,"Fiction, Novel"
Imitation of Life,Fannie Hurst,1933,Novel
The Last Command,Timothy Zahn,,"Science Fiction, Children's literature, Fantasy, Speculative fiction"
The Way of All Flesh,Samuel Butler,1903,Autobiographical novel
Alice Adams,Booth Tarkington,1921-06,"Fantasy, Fiction, Romance novel, Novel"
Les Misérables,Victor Hugo,1862,"Fiction, Novel"
Dodsworth,Sinclair Lewis,1929,Novel
Lost Horizon,James Hilton,1933,"Children's literature, Adventure novel, Speculative fiction, Fantasy"
The Red Badge of Courage,Stephen Crane,1895,Fiction
"Goodbye, Mr. Chips",James Hilton,,Psychological novel
Of Mice and Men,John Steinbeck,1937,Novella
All's Well That Ends Well,William Shakespeare,1623,
The Taming of the Shrew,William Shakespeare,1623,
Our Town,Thornton Wilder,,
Ishmael,Daniel Quinn,1992,"Speculative fiction, Fantasy, Fiction, Novel"
David Copperfield,Charles Dickens,1850,"Künstlerroman, Fiction, Novel"
Childhood's End,Arthur C. Clarke,1953,"Science Fiction, Speculative fiction, Catastrophic literature, Transhumanism"
The Little Prince,Antoine de Saint-Exupéry,1943,
Brigadoon,Alan Jay Lerner,,
The Two Towers,J. R. R. Tolkien,1954-11-11,"Science Fiction, Children's literature, Fantasy, Speculative fiction"
The Return of the King,J. R. R. Tolkien,1955-10-20,"Science Fiction, Biography, Speculative fiction, Fantasy"
Akallabêth,,,
The Drawing of the Three,Stephen King,1987-05,"Science Fiction, Children's literature, Horror, Western fiction"
The Gunslinger,Stephen King,1982-06-10,"Science Fiction, Children's literature, Horror, Western fiction"
On Writing: A Memoir of the Craft,Stephen King,2000-10-03,Autobiography
The Body,Stephen King,1982,Novella
Wizard and Glass,Stephen King,1997-11-04,"Science Fiction, Children's literature, Horror, Speculative fiction"
The Waste Lands,Stephen King,1991-08,"Fantasy, Science Fiction, Speculative fiction, Horror"
The Eyes of the Dragon,Stephen King,1987-02-02,"Children's literature, Fantasy, Speculative fiction, Fiction"
Riding the Bullet,Stephen King,,
Dolores Claiborne,Stephen King,,"Thriller, Children's literature, Horror, Speculative fiction"
Gerald's Game,Stephen King,,"Thriller, Speculative fiction, Horror"
The Girl Who Loved Tom Gordon: A Novel,Stephen King,1999-04-06,Fiction
The Green Mile,Stephen King,1996-03,"Fantasy, Speculative fiction, Horror"
The Long Walk,Stephen King,,"Science Fiction, Speculative fiction, Horror, Dystopia"
Solaris,Stanisław Lem,1961,"Science Fiction, Speculative fiction, Novel, Psychological novel"
You Can't Take It with You,Moss Hart,,
Antony and Cleopatra,William Shakespeare,1623,
The Day of the Triffids,John Wyndham,1951-12,Fiction
Antigone,Sophocles,,
Love and Mr Lewisham,H. G. Wells,1900,"Science Fiction, Speculative fiction, Fiction, Novel"
The Stardroppers,John Brunner,1972,Science Fiction
The Little Foxes,Lillian Hellman,,
Carrie,Stephen King,1974-04-05,"Science Fiction, Horror, Speculative fiction, Mystery"
King John,William Shakespeare,1623,
Love's Labour's Lost,William Shakespeare,,
Watership Down,Richard Adams,1972-11,"Speculative fiction, Fantasy, Fiction"
Harriet the Spy,Louise Fitzhugh,1964,"Spy fiction, Children's literature, Fiction"
Richard II,William Shakespeare,,
The Big Sleep,Raymond Chandler,1939,"Crime Fiction, Detective fiction, Novel, Hardboiled"
The State of the Art,Iain Banks,1991,"Science Fiction, Speculative fiction"
The Player of Games,Iain Banks,1988,"Science Fiction, Speculative fiction"
Excession,Iain Banks,1996,"Science Fiction, Speculative fiction"
Look to Windward,Iain Banks,2000,"Science Fiction, Speculative fiction"
Use of Weapons,Iain Banks,1990-02-01,"Science Fiction, Speculative fiction"
"So Long, and Thanks for All the Fish",Douglas Adams,1984,"Science Fiction, Speculative fiction, Fiction, Comic novel"
Choke,Chuck Palahniuk,2001-05-22,"Black comedy, Novel, Satire, Speculative fiction"
A Friend of the Earth,T. Coraghessan Boyle,2000-09,"Speculative fiction, Dystopia"
In Search of Lost Time,Marcel Proust,1913,"Autobiographical novel, Fiction"
Liza of Lambeth,W. Somerset Maugham,,"Speculative fiction, Fiction"
The Weirdstone of Brisingamen,Alan Garner,1960,"Speculative fiction, Fantasy, Children's literature"
The Human Stain,Philip Roth,2000-05,"Fiction, Novel"
Picnic at Hanging Rock,Joan Lindsay,1967,"Mystery, Historical novel"
"I, the Jury",Mickey Spillane,1947,"Crime Fiction, Mystery, Fiction, Suspense"
Thinks ...,David Lodge,2001,"Fiction, Romance novel"
The Adventures of Pinocchio,Carlo Collodi,1883,"Children's literature, Fantasy, Speculative fiction, Humour"
Smith of Wootton Major,J. R. R. Tolkien,,"Fantasy, Fiction, Novella"
The Tie That Binds,Kent Haruf,,
"England, England",Julian Barnes,1998,"Speculative fiction, Fiction"
Dune,Frank Herbert,1965,"Conspiracy fiction, Science Fiction, Philosophy, Adventure novel"
Feersum Endjinn,Iain Banks,1994,"Science Fiction, Speculative fiction"
Against a Dark Background,Iain Banks,1993,"Science Fiction, Speculative fiction, Fiction"
Just Like That,Lily Brett,1994,Autobiographical novel
Memoirs of a Fox-Hunting Man,Siegfried Sassoon,1928,"Roman à clef, Poetry, Fiction"
Uncle Tom's Cabin,Harriet Beecher Stowe,1852-03-20,Novel
The Beach,Alex Garland,1996,Fiction
Murder Must Advertise,Dorothy L. Sayers,1933,"Mystery, Fiction, Suspense"
The Man Who Would Be King,Rudyard Kipling,,"Lost World, Adventure novel"
A Vicious Circle,Amanda Craig,1996,
To Kill a Mockingbird,Harper Lee,1960-07-11,Fiction
The Emperor Jones,Eugene O'Neill,1920,
The Go-Between,L. P. Hartley,,
Mildred Pierce,James M. Cain,1941,"Mystery, Hardboiled, Novel, Suspense"
A Christmas Carol,Charles Dickens,1843-12-19,"Ghost story, Morality play, Novella, Speculative fiction"
About a Boy,Nick Hornby,1998,"Fiction, Novel"
The Hustler,Walter Tevis,,
Letter from an Unknown Woman,Stefan Zweig,,
Miss Lulu Bett,Zona Gale,1920,"Fiction, Novel"
Flatland: A Romance of Many Dimensions,Edwin Abbott Abbott,1884,"Science Fiction, Novella, Speculative fiction, Science"
Sick Puppy,Carl Hiaasen,2000,Novel
The Prisoner of Zenda,Anthony Hope,1894,"History, Children's literature, Fiction, Romance novel"
The Great Gatsby,F. Scott Fitzgerald,1925-04-10,"Fiction, Novel"
For Whom the Bell Tolls,Ernest Hemingway,1940,"War novel, Fiction"
What Ever Happened to Baby Jane?,,,
From Russia with Love,Ian Fleming,1957-04-08,Spy fiction
The Tombs of Atuan,Ursula K. Le Guin,1971,"Science Fiction, Children's literature, Speculative fiction, Fantasy"
Good Omens,Neil Gaiman,1990-05-01,"Science Fiction, Speculative fiction, Fantasy, Comedy"
Coraline,Neil Gaiman,2002,"Fantasy, Speculative fiction, Horror, Children's literature"
The Sandman: Dream Country,Neil Gaiman,,"Fantasy, Fiction, Graphic novel"
The Sandman: Season of Mists,,,
Interview with the Vampire,Anne Rice,1976-04-12,"Vampire fiction, Horror, Speculative fiction, Fantasy"
Seven Against Thebes,Aeschylus,,
Tartarin de Tarascon,Alphonse Daudet,,"Children's literature, Fiction, Novel"
The Sandman: The Kindly Ones,,,
SS-GB,Len Deighton,1978-08-24,"Alternate history, Speculative fiction"
Finnegans Wake,James Joyce,1939-05-04,Novel
The Virgin Suicides,Jeffrey Eugenides,1993,"Fiction, Novel"
What Makes Sammy Run?,Budd Schulberg,1941,"Satire, Fiction, Novel"
The Razor's Edge,W. Somerset Maugham,1944,Novel
Born Yesterday,Garson Kanin,,
King Solomon's Mines,H. Rider Haggard,1885,"Lost World, Speculative fiction, Adventure novel"
Babel-17,Samuel R. Delany,1966,"Science Fiction, Speculative fiction"
The Languages of Pao,Jack Vance,,"Science Fiction, Speculative fiction, Fiction"
The Count of Monte Cristo,Auguste Maquet,1844,"Romance novel, Fiction, Adventure novel, Historical novel"
Cat's Cradle,Kurt Vonnegut,1963,"Science Fiction, Satire, Speculative fiction"
Excellent Women,Barbara Pym,1952,"Fiction, Novel"
The Scarlet Pimpernel,Baroness Emma Orczy,1905,"Adventure novel, Historical novel"
Becket,Jean Anouilh,,
The Robe,Andrew Greeley,1942,"Speculative fiction, Fiction"
The Closing of the American Mind,Allan Bloom,1987,
Murder in the Cathedral,T. S. Eliot,,
The Legend of Sleepy Hollow,Washington Irving,1820,Speculative fiction
The Thirty-nine Steps,"John Buchan, 1st Baron Tweedsmuir",1915,"Thriller, Novel"
The Winter's Tale,William Shakespeare,1623,
Dead Air,Iain Banks,2002,"Fiction, Novel"
Nibelungenlied,,,"Autobiography, Biography, Poetry"
The Exorcist,William Peter Blatty,1971,"Science Fiction, Speculative fiction, Horror, Fiction"
The Sweet Hereafter,Russell Banks,,
A Severed Head,Iris Murdoch,1961,"Fiction, Novel"
Coming Up for Air,George Orwell,1939,Fiction
Shadow Puppets,Orson Scott Card,2002,"Science Fiction, Speculative fiction, Fantasy, Fiction"
The Road to Mars,Eric Idle,2000-10-10,"Science Fiction, Speculative fiction, Comedy, Fiction"
Regeneration,Pat Barker,1991-05-30,"War novel, Fiction"
House of Leaves,Mark Z. Danielewski,2000-03-07,"Horror, Speculative fiction, Ergodic literature, Romance novel"
The Whalestoe Letters,Mark Z. Danielewski,2000-10-10,"Epistolary novel, Speculative fiction, Novella"
Restoree,Anne McCaffrey,1967,"Science Fiction, Speculative fiction, Fantasy, Fiction"
Mister Roberts,Thomas Heggen,1946,War novel
Cat on a Hot Tin Roof,Tennessee Williams,,
Elmer Gantry,Sinclair Lewis,1927-03,"Fiction, Novel"
Sons and Lovers,D. H. Lawrence,1913,"Autobiographical novel, Künstlerroman, Fiction"
Survivor,Chuck Palahniuk,1999-02,"Novel, Speculative fiction, Mystery, Satire"
The Jungle,"Upton Sinclair, Jr.",1906-02-28,"Politics, Fiction"
The Music Man,Meredith Willson,,
Level 7,Mordecai Roshwald,1959,"Science Fiction, Speculative fiction, Dystopia"
The Prince,Niccolò Machiavelli,1532,"Treatise, Non-fiction"
Sounder,William Armstrong,1969,Children's literature
Nemesis,Isaac Asimov,1989-10,"Science Fiction, Speculative fiction, Children's literature, Fiction"
Island of the Sequined Love Nun,Christopher Moore,1997,"Speculative fiction, Comedy, Romance novel"
The Lust Lizard of Melancholy Cove,Christopher Moore,1999,"Adventure, Adventure novel, Speculative fiction, Comic fantasy"
Lost Girls,Alan Moore,,
Quartet in Autumn,Barbara Pym,1977-09-01,"Fiction, Novel"
Some Tame Gazelle,Barbara Pym,,"Comedy, Fiction"
Satyricon,Petronius Arbiter,,"Novel, Satire, Historical fiction, Poetry"
"Guns, Germs, and Steel",Jared Diamond,,History
On Golden Pond,Ernest Thompson,1979,
A Passage to India,E. M. Forster,1924,"Fiction, Romance novel, Novel"
A Room with a View,E. M. Forster,1908,"Travel, Fiction, Romance novel, Novel"
"Alas, Babylon",Pat Frank,1959,"Science Fiction, Reference, Novel, Speculative fiction"
Science and Health with Key to the Scriptures,,,
Sister Carrie,Theodore Dreiser,1900,"Fiction, Romance novel, Novel"
The Accidental Tourist,Anne Tyler,1985-08-12,Fiction
"Lamb: The Gospel According to Biff, Christ's Childhood Pal",Christopher Moore,2002,"Adventure, Absurdist fiction, Speculative fiction, Comic fantasy"
The Remains of the Day,Kazuo Ishiguro,1989-05,"Fiction, Historical novel"
Crime and Punishment,Fyodor Dostoyevsky,1866,"Crime Fiction, Novel, Fiction, Suspense"
The Long Dark Tea-Time of the Soul,Douglas Adams,1988-10-10,"Science Fiction, Speculative fiction, Science, Mystery"
Njáls saga,Traditional,,
Damage,Josephine Hart,1991,
The Railway Children,E. Nesbit,1906,"Children's literature, Fiction"
Imperial Earth,Arthur C. Clarke,1975,"Science Fiction, Speculative fiction"
The Masque of the Red Death,Edgar Allan Poe,1842-05,"Gothic fiction, Horror, Short story"
Chocolat,Joanne Harris,1999-03-04,"Novel, Magic realism, Speculative fiction, Romance novel"
The Ghost Road,Pat Barker,1995,"War novel, Fiction"
Rosemary's Baby,Ira Levin,1967-03-12,"Speculative fiction, Horror"
This Perfect Day,Ira Levin,1970,"Science Fiction, Speculative fiction, Horror, Fiction"
The Boys from Brazil,Ira Levin,1988-10-21,"Thriller, Speculative fiction, Fiction"
A Descent into the Maelstrom,Edgar Allan Poe,1841-04,Science Fiction
Sliver,Ira Levin,,"Mystery, Fiction, Suspense"
The Murders in the Rue Morgue,Edgar Allan Poe,1841-04,
The Purloined Letter,Edgar Allan Poe,1844-12,"Detective fiction, Short story"
The Tale of Genji,Murasaki Shikibu,1021,Fiction
Master and Commander,Patrick O'Brian,1970,"Historical fiction, Fiction, Historical novel"
The Devil and Daniel Webster,Stephen Vincent Benét,1937,"Fantasy, Short story"
The Luck of Barry Lyndon,William Makepeace Thackeray,1844,
The End of Eternity,Isaac Asimov,1955,"Novel, Time travel, Speculative fiction, Science Fiction"
The Newcomes,William Makepeace Thackeray,1855,Fiction
Little Dorrit,Charles Dickens,1857,Fiction
A Man Called Horse,Dorothy M. Johnson,1968,Short story
Where Angels Fear to Tread,E. M. Forster,1905,"Fiction, Romance novel, Novel"
Shame,Salman Rushdie,1983-10-12,"Speculative fiction, Fiction, Novel"
Trent's Last Case,E. C. Bentley,,"Mystery, Detective fiction"
Play,Samuel Beckett,1963,
Waverley,Walter Scott,1814,Historical novel
The Vampire Lestat,Anne Rice,1985,"Children's literature, Horror, Speculative fiction, Fantasy"
The Tale of the Body Thief,Anne Rice,1992,"Children's literature, Horror, Inspirational, Speculative fiction"
Memnoch the Devil,Anne Rice,1995-07-03,"Gothic fiction, Fantasy, Speculative fiction, Horror"
The Further Adventures of Robinson Crusoe,Daniel Defoe,1719,"Fiction, Adventure novel, Novel"
"The 120 Days of Sodom, or the School of Libertinism","Donatien Alphonse François de Sade, Marquis de Sade",1905,Erotica
War and Peace,Leo Tolstoy,1869,"War novel, Romance novel, Historical novel"
On the Beach,Nevil Shute,1957,"Science Fiction, Novel, Speculative fiction, Apocalyptic and post-apocalyptic fiction"
La Fortune des Rougon,Émile Zola,1871,
Son Excellence Eugène Rougon,Émile Zola,1876,Novel
La Curée,Émile Zola,1871-02,Novel
L'Argent,Émile Zola,1891,Novel
The Crying of Lot 49,Thomas Pynchon,1966,"Speculative fiction, Fiction, Novel"
Jack of Shadows,Roger Zelazny,1971,"Science Fiction, Speculative fiction, Fantasy, Novel"
Whose Body?,Dorothy L. Sayers,1923,Mystery
Clouds of Witness,Dorothy L. Sayers,1926-06,"Mystery, Fiction, Suspense"
Unnatural Death,Dorothy L. Sayers,1927,"Mystery, Fiction, Suspense"
The Unpleasantness at the Bellona Club,Dorothy L. Sayers,1928,"Mystery, Fiction, Suspense"
Strong Poison,Dorothy L. Sayers,1931,"Mystery, Fiction, Suspense"
Five Red Herrings,Dorothy L. Sayers,1931,"Mystery, Fiction, Suspense"
Have His Carcase,Dorothy L. Sayers,1932,"Mystery, Locked room mystery, Fiction, Suspense"
The Nine Tailors,Dorothy L. Sayers,1934,"Mystery, Fiction, Suspense"
Busman's Honeymoon,Dorothy L. Sayers,1937,"Mystery, Detective fiction"
"Thrones, Dominations",Jill Paton Walsh,1998,"Mystery, Fiction, Suspense"
Light in August,William Faulkner,1932,Fiction
Harry Potter and the Order of the Phoenix,J. K. Rowling,2003-06-21,"Fantasy, Young adult literature, Fiction"
Consciousness Explained,Daniel Dennett,1991,"Philosophy, Science"
The Clouds,Aristophanes,,
The Knights,Aristophanes,,
Romance of the Three Kingdoms,Luo Guanzhong,,"War novel, Historical novel"
The Dragon in the Sea,Frank Herbert,1956,"Thriller, Science Fiction, Fiction"
Destination: Void,Frank Herbert,1966,"Science Fiction, Speculative fiction"
Whipping Star,Frank Herbert,1970,"Science Fiction, Speculative fiction, Fiction"
The Dosadi Experiment,Frank Herbert,1977,"Science Fiction, Speculative fiction, Fiction"
The Transparent Society,David Brin,1998-05-17,"Anthropology, Non-fiction, Sociology"
The Poisoned Chocolates Case,Anthony Berkeley Cox,,"Mystery, Detective fiction"
Oedipus at Colonus,Sophocles,,
Vurt,Jeff Noon,1993,"Science Fiction, Speculative fiction, Fantasy, Fiction"
Fast Food Nation: The Dark Side of the All-American Meal,Eric Schlosser,2001-01-17,Non-fiction
The Dice Man,George Cockcroft,1971,"Fiction, Novel"
The Search for the Dice Man,George Cockcroft,1993-06-07,Novel
Anna Karenina,Leo Tolstoy,1877,Novel
Adventures of Wim,George Cockcroft,,"Comic novel, Speculative fiction, Comedy"
High Fidelity,Nick Hornby,1995,"Fiction, Novel"
The Red House Mystery,A. A. Milne,1922-04-06,"Mystery, Fiction, Suspense"
"Hans Brinker, or The Silver Skates",Mary Mapes Dodge,,"Children's literature, Fiction"
Dreamcatcher,Stephen King,2001-03-20,"Speculative fiction, Horror, Fiction, Suspense"
Long Voyage Back,,,Science Fiction
Foucault's Pendulum,Umberto Eco,1988,Speculative fiction
Chitty Chitty Bang Bang,Ian Fleming,1964-10-22,"Speculative fiction, Fantasy, Children's literature"
Oliver Twist,Charles Dickens,1839,"Social novel, Speculative fiction, Fiction, Novel"
East of Eden,John Steinbeck,1952-09,Novel
The Old Man and the Sea,Ernest Hemingway,1952,"Sea story, Children's literature, Fiction, Novella"
The Children of Men,P. D. James,1992,"Speculative fiction, Dystopia, Utopian and dystopian fiction"
The Spy Who Came in from the Cold,John le Carré,1963-09,Spy fiction
The Heart Is a Lonely Hunter,Carson McCullers,1940,Fiction
The Great White Hope,Howard Sackler,,
The Postman,David Brin,1985,"Science Fiction, Apocalyptic and post-apocalyptic fiction, Children's literature, Speculative fiction"
The Phantom of the Opera,Gaston Leroux,,"Children's literature, Horror, Novel, Speculative fiction"
Murder on the Orient Express,Agatha Christie,,Crime Fiction
Harry Potter and the Chamber of Secrets,J. K. Rowling,1998-07-02,"Speculative fiction, Fantasy, Fiction"
Equus,Peter Shaffer,,
American Psycho,Bret Easton Ellis,1991,"Satire, Horror, Speculative fiction, Suspense"
Kalimantaan,C. S. Godshalk,1998-04,"Speculative fiction, Novel"
Creatures of Light and Darkness,Roger Zelazny,1969,"Science Fiction, Speculative fiction"
The Handmaid's Tale,Margaret Atwood,1985,"Science Fiction, Feminist science fiction, Speculative fiction, Utopian and dystopian fiction"
My Left Foot,Christy Brown,,Autobiography
Lady Windermere's Fan,Oscar Wilde,,
The Pearl,Gregory McElwain,1947,"Fiction, Novella"
Barchester Towers,Anthony Trollope,1857,"Historical fiction, Fiction"
Our Man in Havana,Graham Greene,1958-12,"Speculative fiction, Fiction, Novel"
East Wind: West Wind,Pearl S. Buck,1930,Novel
On Numbers and Games,,,
P.S. Your Cat Is Dead,"James Kirkwood, Jr.",,
Treasure Island,Robert Louis Stevenson,,"Business, Children's literature, Adventure, Adventure novel"
Seven Brothers,Aleksis Kivi,,"Autobiography, Biography, Fiction"
Steppenwolf,Hermann Hesse,1927,"Existentialism, Speculative fiction, Fiction, Autobiography"
Goldfinger,Ian Fleming,1959-03-23,Spy fiction
Ironweed,William Kennedy,1983,"Mystery, Fiction"
"Girl, Interrupted",Susanna Kaysen,1993,Memoir
Small Gods,Terry Pratchett,1992,"Science Fiction, Speculative fiction, Fantasy, Fiction"
The Sum of Us,David Stevens,,
Jingo,Terry Pratchett,,"Science Fiction, Speculative fiction, Fantasy, Fiction"
The Pursuit of Love,Nancy Mitford,1945,"Autobiography, Fiction"
Moonraker,Ian Fleming,1955-04-05,Spy fiction
Sophie's Choice,William Styron,1979,Novel
Season of the Jew,Maurice Shadbolt,1987-02-01,Novel
The White Plague,Frank Herbert,1982,"Science Fiction, Speculative fiction, Fiction"
The Pilgrim's Progress,John Bunyan,1678-02,Speculative fiction
The Santaroga Barrier,Frank Herbert,1968,"Science Fiction, Speculative fiction, Fiction"
Orlando Furioso,Ludovico Ariosto,1516,
The Anatomy of Melancholy,Robert Burton,1621,Philosophy
Piers Plowman,William Langland,,
Red Storm Rising,Tom Clancy,1986-08,"Techno-thriller, Fiction, Novel"
The Joy of Work,,,
Lady Chatterley's Lover,D. H. Lawrence,,"Erotica, Romance novel"
A Staircase in Surrey,J. I. M. Stewart,,
The Sorrows of Young Werther,Johann Wolfgang von Goethe,,Epistolary novel
"The History of Tom Jones, a Foundling",Henry Fielding,1749-02-28,"Fiction, Novel"
Richard III,William Shakespeare,,
The Fall,Albert Camus,1956,Existentialism
The Golden Hour,Maiya Williams,2004,
The Man Who Fell to Earth,Walter Tevis,,"Science Fiction, Speculative fiction"
The Quiet Earth,Craig Harrison,1981,"Human extinction, Science Fiction"
The Phantom Tollbooth,Norton Juster,1961,"Children's literature, Fantasy, Speculative fiction, Fiction"
The Hundred and One Dalmatians,Dodie Smith,1956,"Children's literature, Fiction"
A Philosophical Investigation,Philip Kerr,1992,"Thriller, Techno-thriller, Speculative fiction"
The Tortilla Curtain,T. Coraghessan Boyle,1995,"Fiction, Novel"
Love in a Cold Climate,Nancy Mitford,,Fiction
The Fountainhead,Ayn Rand,1943-12,Fiction
The Last Continent,Terry Pratchett,1998,"Science Fiction, Speculative fiction, Fantasy, Fiction"
Laura Blundy,Julie Myerson,,"Fiction, Historical novel"
Contact,Carl Sagan,1985-09,"Science Fiction, Speculative fiction, Children's literature, Fiction"
American Gods,Neil Gaiman,2001,"Science Fiction, Children's literature, Horror, Novel"
Stardust,Neil Gaiman,1999-02-01,"Science Fiction, Speculative fiction, Fantasy, Fiction"
World on Fire: How Exporting Free Market Democracy Breeds Ethnic Hatred and Global Instability,Amy Chua,2002-12,Non-fiction
The Sword in the Stone,T. H. White,1939-01-01,"Children's literature, Fantasy, Speculative fiction, Fiction"
Children of the Mind,Orson Scott Card,1996,"Science Fiction, Speculative fiction, Fantasy, Fiction"
Wonders of the Invisible World,Cotton Mather,,
"Henry VI, part 1",William Shakespeare,,
"Henry VI, part 3",William Shakespeare,,
The Silver Chalice,Thomas B. Costain,1952,Historical novel
Thus Spoke Zarathustra,Friedrich Nietzsche,,"Prose poetry, Inspirational, Poetry, Philosophy"
Slaughterhouse-Five,Kurt Vonnegut,1969,"Science Fiction, War novel, Philosophy, Speculative fiction"
The Catcher in the Rye,J. D. Salinger,1951-07-16,"First-person narrative, Fiction, Bildungsroman, Novel"
Our American Cousin,Tom Taylor,,
The Name of the Rose,Umberto Eco,1980,"Historical whodunnit, Historical fiction, Speculative fiction, Mystery"
The Member of the Wedding,Carson McCullers,1946,"Children's literature, Fiction, Novel"
Rashomon,Ryunosuke Akutagawa,,
Magnificent Obsession,Lloyd C. Douglas,1929,"Fiction, Romance novel, Novel"
V.,Thomas Pynchon,1963,"Speculative fiction, Fiction, Novel"
Shogun: A Novel of Japan,James Clavell,1975,"Historical fiction, Fiction"
Goodnight Moon,Margaret Wise Brown,1947,"Children's literature, Fiction"
Eugene Onegin,Aleksandr Pushkin,,"Novel, Poetry, Fiction"
Elbow Room,Daniel Dennett,1984,Philosophy
The Adventures of Captain Underpants,Dav Pilkey,1997,"Children's literature, Humour"
The Rowan,Anne McCaffrey,1990,"Science Fiction, Speculative fiction, Fantasy, Fiction"
Lysistrata,Aristophanes,,
Niourk,,,Science Fiction
Andromeda,Ivan Yefremov,,Science Fiction
Ecotopia,Ernest Callenbach,,"Romance novel, Science Fiction, Speculative fiction, Fiction"
The Bad Seed,William March,1954-04-08,"Horror, Novel"
The Turner Diaries,William Luther Pierce,1978,
"Life, the Universe and Everything",Douglas Adams,,"Science Fiction, Speculative fiction, Fantasy, Fiction"
Beelzebub's Tales to his Grandson,G. I. Gurdjieff,1950,
The Adventures of Tom Sawyer,Mark Twain,1876,"Children's literature, Reference, Fiction, Bildungsroman"
The Emperor's New Clothes,Hans Christian Andersen,,
The Library of Babel,Jorge Luis Borges,1941,
Pebble in the Sky,Isaac Asimov,1950,"Science Fiction, Speculative fiction, Fiction"
Dred: A Tale of the Great Dismal Swamp,Harriet Beecher Stowe,1856,Novel
Raintree County,"Ross Lockridge, Jr.",,Fiction
"Suddenly, Last Summer",Tennessee Williams,,
The Tenant of Wildfell Hall,Anne Brontë,,"Epistolary novel, Novel"
A Canticle for Leibowitz,"Walter M. Miller, Jr.",1960,"Science Fiction, Speculative fiction, Post-holocaust, Apocalyptic and post-apocalyptic fiction"
The Browning Version,Terence Rattigan,,
Ender's Shadow,Orson Scott Card,1999,"Science Fiction, Speculative fiction"
Cards on the Table,Agatha Christie,,"Crime Fiction, Mystery, Children's literature, Fiction"
The Gambler,Fyodor Dostoyevsky,1867,Novel
The Crucible,Arthur Miller,,
The Bell Jar,Sylvia Plath,1963,"Autobiographical novel, Autobiography, Children's literature, Fiction"
Jude the Obscure,Thomas Hardy,1895,
Democracy in America,Alexis de Tocqueville,1935,Non-fiction
The Giver,Lois Lowry,1993,"Science Fiction, Speculative fiction, Social sciences, Young adult literature"
A Solitary Grief,Bernice Rubens,1991-05-06,Fiction
Xenocide,Orson Scott Card,1991,"Science Fiction, Speculative fiction, Fantasy, Fiction"
Sourcery,Terry Pratchett,,"Science Fiction, Speculative fiction, Fantasy, Fiction"
It Can't Happen Here,Sinclair Lewis,,"Science Fiction, Dystopia"
My Brilliant Career,Miles Franklin,,"Roman à clef, Autobiography, Biography, Novel"
The Merry Wives of Windsor,William Shakespeare,,
Fanny Hill,John Cleland,,Fiction
The Restaurant at the End of the Universe,Douglas Adams,1980-01-01,"Science Fiction, Speculative fiction, Fiction, Comic science fiction"
In the Penal Colony,Franz Kafka,1919-10,
The Rebel Angels,Robertson Davies,1981,"Speculative fiction, Fiction, Novel"
Macrolife,George Zebrowski,1979-05,"Science Fiction, Speculative fiction"
Till We Have Faces,C. S. Lewis,1956,"Speculative fiction, Fantasy, Fiction, Parallel novel"
Heidi,Johanna Spyri,1880,Children's literature
That Hideous Strength,C. S. Lewis,1945,"Science Fiction, Speculative fiction, Fantasy, Fiction"
The Heart of the Matter,Graham Greene,1948,"Speculative fiction, Fiction"
The Legacy of Heorot,Steven Barnes,1987,"Science Fiction, Speculative fiction, Fantasy, Fiction"
VALIS,Philip K. Dick,1981,"Science Fiction, Speculative fiction, Fantasy, Fiction"
The Man Who Awoke,,,Science Fiction
The Genesis Quest,,,Science Fiction
Summer and Smoke,Tennessee Williams,,
Critique of Dialectical Reason,Jean-Paul Sartre,1960,Philosophy
The Necessity of Atheism,,,
The Velveteen Rabbit,Margery Williams,,"Speculative fiction, Children's literature, Fiction"
Executive Orders,Tom Clancy,,"Thriller, Novel, Fiction, Suspense"
My Night with Reg,Kevin Elyot,,
Tell England,Ernest Raymond,,Fiction
The Woman Who Did,Grant Allen,,"Fiction, Romance novel"
Chicago,Fred Ebb,,
Au Bonheur des Dames,Émile Zola,1883,Novel
"Absalom, Absalom!",William Faulkner,1936,
Brideshead Revisited,Evelyn Waugh,1945,Fiction
The Collector,John Fowles,1963,"Thriller, Horror"
King Solomon's Carpet,Ruth Rendell,1991-08-01,"Crime Fiction, Mystery"
Uncle and his Detective,,,
Uncle Cleans Up,,,"Speculative fiction, Children's literature"
Planet of the Apes,Pierre Boulle,1963,"Science Fiction, Speculative fiction, Fantasy, Fiction"
The Small House at Allington,Anthony Trollope,1864,"Historical fiction, Fiction, Romance novel"
Framley Parsonage,Anthony Trollope,1861,"Historical fiction, Fiction, Romance novel"
Go Ask Alice,Beatrice Sparks,1971-03-05,
The Three Musketeers,Alexandre Dumas,1844,"Speculative fiction, Fiction, Historical novel"
The Strange Case of Dr Jekyll and Mr Hyde,Robert Louis Stevenson,1886-01-05,"Science Fiction, Children's literature, Horror, Speculative fiction"
Shooting an Elephant,George Orwell,1936,
Eminent Victorians,Lytton Strachey,,"Autobiography, Biography, Reference"
The Prime of Miss Jean Brodie,Muriel Spark,1961,Fiction
Death in the Clouds,Agatha Christie,,"Crime Fiction, Mystery, Fiction, Suspense"
The Mysterious Affair at Styles,Agatha Christie,,"Crime Fiction, Mystery, Reference, Fiction"
Sweep,Cate Tiernan,2001-01-29,"Fantasy, Young adult literature, Fiction"
Hypnerotomachia Poliphili,Francesco Colonna,1499,
The Invincible,Stanisław Lem,1964,"Science Fiction, Speculative fiction"
Mrs Dalloway,Virginia Woolf,1925-05-14,"Fiction, Novel"
Principles of Economics,,1871,"Treatise, Non-fiction"
"The Pianist: The Extraordinary True Story of One Man's Survival in Warsaw, 1939-1945",Władysław Szpilman,1999,"Autobiography, Non-fiction, Memoir, Personal journal"
Sleeping Murder,Agatha Christie,,"Crime Fiction, Children's literature, Cozy, Mystery"
Battle Royale,Koushun Takami,1999-04,"Thriller, Alternate history, Speculative fiction, Dystopia"
Crooked House,Agatha Christie,,"Crime Fiction, Mystery, Children's literature, Fiction"
Joseph Andrews,Henry Fielding,1742,"Chivalric romance, Historical fiction, Comedy, Fiction"
Cunt,,,
A Study in Scarlet,Arthur Conan Doyle,,"Crime Fiction, Mystery, Detective fiction, Novel"
Phineas Finn,Anthony Trollope,,"Fiction, Picaresque novel"
Cranford,Elizabeth Gaskell,,Fiction
Wives and Daughters,Pam Morris,,
Travels with My Aunt,Graham Greene,1969,"Speculative fiction, Fiction, Novel"
Ann Veronica,H. G. Wells,1909,"Science Fiction, Fiction, Novel"
Little Lord Fauntleroy,Frances Hodgson Burnett,,"Historical fiction, Children's literature, Fiction"
The Song of Roland,,,
Humphry Clinker,Tobias Smollett,1771-06-17,"Epistolary novel, Novel, Picaresque novel"
The Lover,Marguerite Duras,,Autobiographical novel
Lorna Doone,R. D. Blackmore,,"Children's literature, Fiction, Romance novel"
The Sound and the Fury,William Faulkner,1929,"Gothic fiction, Children's literature, Fiction"
Phineas Redux,Anthony Trollope,,"Fiction, Romance novel, Picaresque novel"
The Duke's Children,Anthony Trollope,,
Daniel Deronda,George Eliot,1876,"Fiction, Novel"
Nine Princes in Amber,Roger Zelazny,1970-06,"Speculative fiction, Fantasy"
The Guns of Avalon,Roger Zelazny,1972,"Speculative fiction, Fantasy"
Sign of the Unicorn,Roger Zelazny,1975-02,"Speculative fiction, Fantasy"
The Hand of Oberon,Roger Zelazny,1976,"Speculative fiction, Fantasy"
The Courts of Chaos,Roger Zelazny,1978,"Speculative fiction, Fantasy"
The Garden of Cyrus,Thomas Browne,,
Roadmarks,Roger Zelazny,1979,"Science Fiction, Speculative fiction"
Lord of Light,Roger Zelazny,1967,"Science Fiction, Speculative fiction, Fantasy, Novel"
The BFG,Roald Dahl,1982,"Children's literature, Fantasy, Speculative fiction, Fiction"
The Tommyknockers,Stephen King,1987-11-10,"Science Fiction, Children's literature, Horror, Speculative fiction"
Journey to the West,Wu Cheng'en,,Fiction
253,Geoff Ryman,1998,"Science Fiction, Speculative fiction, Fiction"
Trainspotting,Irvine Welsh,1993,"Travel, Speculative fiction, Fiction, Novel"
The Eustace Diamonds,Anthony Trollope,1871,Fiction
Anna of the Five Towns,Arnold Bennett,,"Historical fiction, Fiction, Romance novel, Novel"
Laughing Gas,P. G. Wodehouse,1936-09-25,"Comic novel, Fiction"
Anthem,Ayn Rand,1938,"Psychology, Science Fiction, Speculative fiction, Fiction"
We,Yevgeny Zamyatin,,"Science Fiction, Speculative fiction, Dystopia, Utopian and dystopian fiction"
Migraine,Oliver Sacks,,
Without Remorse,Tom Clancy,1993,"Thriller, Mystery, Novel, Fiction"
The Black Tulip,Alexandre Dumas,,"History, Chivalric romance, Romance novel, Historical novel"
Cujo,Stephen King,1981-09-08,"Children's literature, Horror, Speculative fiction, Suspense"
Human Action,Ludwig von Mises,,"Treatise, Non-fiction"
More Joy in Heaven,Morley Callaghan,,"Fiction, Novel"
Lonesome Dove,Larry McMurtry,1985,"Fiction, Novel"
Warring States,Mags L Halliday,2005,"Science Fiction, Speculative fiction"
The Practice Effect,David Brin,1984,Speculative fiction
The British Museum Is Falling Down,David Lodge,1965,"Comic novel, Fiction"
The History Man,Malcolm Bradbury,1975,"Fiction, Novel"
The Turn of the Screw,Henry James,1898,"Horror, Fiction, Novella"
The French Lieutenant's Woman,John Fowles,1969,"Historical fiction, Romance novel"
Shadow of the Hegemon,Orson Scott Card,2001,"Science Fiction, Speculative fiction, Fiction"
Fantastic Beasts and Where to Find Them,J. K. Rowling,,Speculative fiction
My Family and Other Animals,Gerald Durrell,,Drama
Prince Caspian,C. S. Lewis,1951,"Speculative fiction, Fantasy, Children's literature"
"The Lion, the Witch and the Wardrobe",C. S. Lewis,1950,"Speculative fiction, Fantasy, Children's literature"
Primary Colors,Joe Klein,1996-01-16,Fiction
The Murder of Roger Ackroyd,Agatha Christie,,"Crime Fiction, Mystery, Children's literature, Fiction"
The A.B.C. Murders,Agatha Christie,,"Crime Fiction, Mystery, Children's literature, Fiction"
Crossing the Chasm,Geoffrey Moore,1991,
The Futurological Congress,Stanisław Lem,,Science Fiction
Angela's Ashes,Frank McCourt,1996-09-05,"Biography, Memoir"
Oscar and Lucinda,Peter Carey,1988,"Historical fiction, Fiction, Novel"
From the Earth to the Moon,Jules Verne,1865,"Science Fiction, Speculative fiction, Novel, Scientific romance"
Underworld,Don DeLillo,1997-10-03,"Fiction, Novel"
The Difference Engine,Bruce Sterling,1990-09,"Science Fiction, Novel, Alternate history, Speculative fiction"
Forever Amber,Kathleen Winsor,,
Ethan of Athos,Lois McMaster Bujold,,"Science Fiction, Speculative fiction, Fiction"
The Blind Assassin,Margaret Atwood,2000-09-02,Fiction
Red Harvest,Dashiell Hammett,,"Mystery, Detective fiction, Fiction, Suspense"
The Jealous God,John Braine,,
Who Moved My Cheese? An Amazing Way to Deal with Change in Your Work and in Your Life,Spencer Johnson,1998,Fiction
The Odyssey: A Modern Sequel,,,
Lord Edgware Dies,Agatha Christie,,"Crime Fiction, Mystery, Children's literature, Fiction"
The Mirror Crack'd from Side to Side,Agatha Christie,,"Cozy, Crime Fiction"
Captain Corelli's Mandolin,Louis de Bernières,1993,"War novel, Romance novel, Historical novel"
The Hotel New Hampshire,John Irving,1981,Romance novel
The Bridge,Iain Banks,1986,Novel
Dhalgren,Samuel R. Delany,1975-01,"Science Fiction, Speculative fiction, Fiction"
The Scar,China Miéville,2002-06,"Science Fiction, Novel, Speculative fiction, Fantasy"
Rhinoceros,Eugène Ionesco,,
Harry Potter and the Prisoner of Azkaban,J. K. Rowling,1999-07-08,"Fantasy, Speculative fiction, Young adult literature, Fiction"
Cold Comfort Farm,Stella Gibbons,1932,"Science Fiction, Satire, Novel, Fiction"
Hatter's Castle,A. J. Cronin,1931,Novel
Gravity's Rainbow,Thomas Pynchon,1973,"Science Fiction, Postmodernism, Speculative fiction, Historical novel"
Death in Venice,Thomas Mann,1912,"Gay novel, Reference, Fiction, Novella"
Effi Briest,Theodor Fontane,1894,"Fiction, Novel"
Article 23,William R. Forstchen,1998-09,"Science Fiction, Speculative fiction, Fiction, Novel"
The Day of the Jackal,Frederick Forsyth,1971-06-07,"Thriller, Spy fiction, Fiction, Suspense"
Harry Potter and the Goblet of Fire,J. K. Rowling,2000-07-08,Speculative fiction
A Presumption of Death,Jill Paton Walsh,2002-11,"Crime Fiction, Mystery, Fiction, Suspense"
A Tenured Professor,John Kenneth Galbraith,1990-11-12,Satire
Trumps of Doom,Roger Zelazny,1985-05,"Speculative fiction, Fantasy"
Dream of the Red Chamber,Tsao Hsueh-Chin,,Novel
We Wish to Inform You That Tomorrow We Will Be Killed with Our Families: Stories from Rwanda,Philip Gourevitch,1998,Non-fiction
Nice Work,David Lodge,1988,"Industrial novel, Fiction, Campus novel"
The Haunted Mask,R. L. Stine,1993-09,"Children's literature, Horror, Speculative fiction, Fiction"
The Little Engine That Could,Watty Piper,1930,"Picture book, Children's literature"
Naked Lunch,William S. Burroughs,1959,"Speculative fiction, Novel"
Pattern Recognition,William Gibson,2003-02-03,"Science Fiction, Speculative fiction"
Desperation,,,"Speculative fiction, Horror"
A Gift Upon the Shore,M. K. Wren,,"Speculative fiction, Novel"
The Chrysalids,John Wyndham,1955,"Science Fiction, Speculative fiction, Fiction"
Who Goes There?,John W. Campbell,1938-08,"Science Fiction, Speculative fiction"
Blood of Amber,Roger Zelazny,1986,"Speculative fiction, Fantasy"
Sign of Chaos,Roger Zelazny,1987-10,"Speculative fiction, Fantasy"
Porno,Irvine Welsh,2002-08,"Fiction, Novel"
Prince of Chaos,Roger Zelazny,1991-11,"Speculative fiction, Fantasy"
The Love of the Last Tycoon,F. Scott Fitzgerald,1941,"Fiction, Novel"
Save Me the Waltz,Zelda Fitzgerald,1932,"Fiction, Novel"
It,Stephen King,1986-09-15,"Speculative fiction, Horror"
The Amazing Maurice and His Educated Rodents,Terry Pratchett,2001,"Speculative fiction, Fantasy, Children's literature"
Permutation City,Greg Egan,1994,"Science Fiction, Speculative fiction, Transhumanism"
Quidditch Through the Ages,J. K. Rowling,,Speculative fiction
Key of Solomon,,,
The Wee Free Men,Terry Pratchett,2003,"Speculative fiction, Children's literature, Fiction"
Strata,Terry Pratchett,1981,"Science Fiction, Speculative fiction, Fantasy, Comedy"
The Dark Side of the Sun,Terry Pratchett,1976-01-26,"Science Fiction, Speculative fiction, Fantasy, Fiction"
Soul Music,Terry Pratchett,1994,"Music, Science Fiction, Speculative fiction, Fantasy"
Bluebeard,Kurt Vonnegut,1987,"Speculative fiction, Fiction, Novel"
Tirant lo Blanc,,,
Thunderball,Ian Fleming,1961-03-27,"Thriller, Spy fiction"
The Devil's Disciple,George Bernard Shaw,1901,
The Scarlet Letter,Nathaniel Hawthorne,1850,"Children's literature, Reference, Novel, Romance novel"
The G-String Murders,Craig Rice,1941,"Mystery, Detective fiction, Fiction"
Live from Death Row,Mumia Abu-Jamal,,
The Blue Lotus,Hergé,1936,Comic book
Mrs Craddock,W. Somerset Maugham,,"Fiction, Romance novel, Novel"
Hideous Kinky,Esther Freud,1992-01-30,"Autobiography, Fiction, Novel"
Myra Breckinridge,Gore Vidal,1968-02,"Satire, Novel"
Operation Shylock: A Confession,Philip Roth,1993,Fiction
Virginia,Ellen Glasgow,1913,Novel
You Only Live Twice,Ian Fleming,1964-03-16,Spy fiction
The Stand,Stephen King,1978,"Science Fiction, Children's literature, Horror, Novel"
"Henry IV, Part 1",William Shakespeare,,
The Man with the Golden Gun,Ian Fleming,1965-04-01,Spy fiction
Who Censored Roger Rabbit?,Gary Wolf,1981,"Mystery, Speculative fiction"
The Magic School Bus at the Waterworks,Joanna Cole,1986,"Children's literature, Science"
The Magic School Bus Lost in the Solar System,Joanna Cole,1990,"Speculative fiction, Children's literature"
The Ugly Duckling,Hans Christian Andersen,1843-11-11,"Children's literature, Fiction"
Walden,Henry David Thoreau,1854,"Children's literature, Inspirational, Nature, Speculative fiction"
Things My Girlfriend and I Have Argued About,Mil Millington,2002-10-03,Novel
Ring for Jeeves,P. G. Wodehouse,1953-04-22,"Fiction, Humour"
Water Margin,Shi Naian,,
The Lazarus Effect,Bill Ransom,1983,"Science Fiction, Speculative fiction"
Oblomov,Ivan Goncharov,1859,Fiction
Diaspora,Greg Egan,1998-07,"Science Fiction, Transhumanism, Novel, Hard science fiction"
Schild's Ladder,Greg Egan,2002,"Science Fiction, Speculative fiction"
Murder on the Links,Agatha Christie,1923,"Crime Fiction, Mystery, Children's literature, Fiction"
The Hero with a Thousand Faces,Joseph Campbell,,"Psychology, Fiction, Philosophy, Sociology"
The Amethyst Ring,,,
Seven Days in May,Fletcher Knebel,,
The Years of Rice and Salt,Kim Stanley Robinson,2002,"Alternate history, Science Fiction, Speculative fiction, Novel"
The Fourth Protocol,Frederick Forsyth,1984-08,"Thriller, Fiction, Novel"
Artemis Fowl: The Eternity Code,Eoin Colfer,2003-04-27,"Children's literature, Fantasy"
The Little Mermaid,Hans Christian Andersen,1837-04-07,"Children's literature, Fiction, Sociology"
The Gods Themselves,Isaac Asimov,1972,"Science Fiction, Speculative fiction, Fantasy, Fiction"
Charlotte's Web,E. B. White,1952,"Speculative fiction, Children's literature"
Howl's Moving Castle,Diana Wynne Jones,1986,"Fantasy, Speculative fiction, Young adult literature"
Joy,Marsha A. Hunt,1990-04-12,Novel
Breakfast of Champions,Kurt Vonnegut,1973,"Science Fiction, Speculative fiction, Fiction, Novel"
Mother Night,Kurt Vonnegut,1961,"Science Fiction, Speculative fiction, Fiction, Novel"
Freedom Evolves,Daniel Dennett,2003-02,Non-fiction
Rainbow Six,Tom Clancy,1998-08,"Thriller, Fiction, Novel"
Jasmine,Bharati Mukherjee,1989,"Fiction, Novel"
Far from the Madding Crowd,Thomas Hardy,1874,Novel
Vineland,Thomas Pynchon,1990,"Speculative fiction, Fiction, Novel"
Hallowe'en Party,Agatha Christie,,Crime Fiction
Empire of the Sun,J. G. Ballard,1984-09-13,"Autobiographical novel, Historical fiction, Fiction, War novel"
Lies and the Lying Liars Who Tell Them,Al Franken,2003,"Fiction, Humour"
Maurice,E. M. Forster,,"Gay novel, Fiction"
The Ice Storm,Rick Moody,1994,"Drama, Tragicomedy, Fiction"
Three Comrades,Erich Maria Remarque,1937,"War novel, Novel"
"Pericles, Prince of Tyre",William Shakespeare,1609,
The Forever War,Joe Haldeman,1974,"Science Fiction, Speculative fiction"
"Bambi, A Life in the Woods",Felix Salten,1923,"Children's literature, Fiction"
Robots and Empire,Isaac Asimov,1985,"Science Fiction, Speculative fiction, Fiction"
Foundation,Isaac Asimov,1951,"Science Fiction, Speculative fiction, Children's literature, Fiction"
Second Foundation,Isaac Asimov,1953,"Science Fiction, Speculative fiction, Children's literature, Fiction"
The Abolition of Work,,,
The Vicomte de Bragelonne,Alexandre Dumas,,History
Twenty Years After,Alexandre Dumas,,Historical novel
Logan's Run,William F. Nolan,1967,"Science Fiction, Speculative fiction, Dystopia"
The Two Gentlemen of Verona,William Shakespeare,,
Girlfriend in a Coma,Douglas Coupland,1998,"Fiction, Novel"
Schindler's Ark,Thomas Keneally,1982-10-01,"Biographical novel, Fiction, Historical novel"
The Sparrow,Mary Doria Russell,1996,"Science Fiction, Speculative fiction, Fiction"
Red Rabbit,Tom Clancy,,"Thriller, Fiction, Suspense"
Family Matters,Rohinton Mistry,2002,"Fiction, Novel"
The Structure of Scientific Revolutions,Thomas Samuel Kuhn,1962,
Sartoris,William Faulkner,1929,Novel
Babbitt,Sinclair Lewis,1922,"Satire, Fiction, Novel"
Amerika,Franz Kafka,1927,"Speculative fiction, Fiction, Novel"
The Farthest Shore,Ursula K. Le Guin,1972,"Science Fiction, Children's literature, Speculative fiction, Fantasy"
The Quiet American,Graham Greene,1955-12,"Speculative fiction, Fiction, War novel"
Noli Me Tangere,José Rizal,1887,"Satire, Novel"
Feet of Clay,Terry Pratchett,1996,"Science Fiction, Speculative fiction, Fantasy, Fiction"
The Cask of Amontillado,Edgar Allan Poe,1846-11,"Horror, Short story"
Thursbitch,Alan Garner,2003-10,"Speculative fiction, Fantasy"
Ripley's Game,Patricia Highsmith,1974-03-11,"Crime Fiction, Mystery"
An American Tragedy,Theodore Dreiser,1925,"Crime Fiction, Fiction"
Timon of Athens,William Shakespeare,,
Troilus and Cressida,William Shakespeare,,
General Theory of Employment Interest and Money,John Maynard Keynes,,"Business, Economics, Fiction, Non-fiction"
Tintin in America,Hergé,1932,Comic book
Christine,Stephen King,1983-04-29,"Speculative fiction, Horror"
Nova Express,William S. Burroughs,1964,"Science Fiction, Speculative fiction"
Katar,Stanisław Lem,,"Science Fiction, Speculative fiction"
Fiasco,Stanisław Lem,1986,"Science Fiction, Speculative fiction"
As I Lay Dying,William Faulkner,1930,"Black comedy, Fiction, Novel"
The God of Small Things,Arundhati Roy,1997-06-09,"Fiction, Novel"
The Comedy of Errors,William Shakespeare,,
Quicksilver,Neal Stephenson,2003-09-23,"Science Fiction, Speculative fiction, Fiction, Historical novel"
The Persians,Aeschylus,,
The Other Wind,Ursula K. Le Guin,2001,"Science Fiction, Children's literature, Horror, Speculative fiction"
The Colour of Magic,Terry Pratchett,,"Science Fiction, Speculative fiction, Fantasy, Fiction"
The Light Fantastic,Terry Pratchett,,"Science Fiction, Speculative fiction, Fantasy, Fiction"
Children of the Atom,Wilmar H. Shiras,,Science Fiction
True Names,Vernor Vinge,1981,"Science Fiction, Fantasy, Fiction"
The Postman Always Rings Twice,James M. Cain,1934,"Crime Fiction, Mystery, Fiction, Suspense"
Siddhartha,Hermann Hesse,1922,"Speculative fiction, Fiction"
The Bicentennial Man,Isaac Asimov,1976-02,
Foundation and Empire,Isaac Asimov,1952,"Science Fiction, Speculative fiction, Fiction, Novel"
Equal Rites,Terry Pratchett,1987,"Science Fiction, Speculative fiction, Fantasy, Fiction"
Guards! Guards!,Terry Pratchett,1989,"Science Fiction, Speculative fiction, Fantasy, Comedy"
Pyramids,Terry Pratchett,1989,"Science Fiction, Speculative fiction, Fantasy, Fiction"
The Monkey's Paw,W. W. Jacobs,1903,Speculative fiction
The Sea Hawk,Rafael Sabatini,1915,
The Master and Margarita,Mikhail Bulgakov,,"Novel, Satire, Speculative fiction, Romance novel"
The Gold-Bug,Edgar Allan Poe,1843,
The Visit,Friedrich Dürrenmatt,,
Disgrace,John Maxwell Coetzee,1999-07-01,Novel
The Lords of Discipline,Pat Conroy,1980,"Fiction, Roman à clef"
Engines of Creation,K. Eric Drexler,1986,
Out of the Silent Planet,C. S. Lewis,1938,"Science Fiction, Speculative fiction, Fiction"
The Variable Man,Philip K. Dick,,
Eric,Terry Pratchett,1990,"Science Fiction, Children's literature, Fantasy, Speculative fiction"
The Sirens of Titan,Kurt Vonnegut,1959,"Black comedy, Science Fiction, Speculative fiction, Fantasy"
Mila 18,Leon Uris,,"Science Fiction, Fantasy, Fiction"
QB VII,Leon Uris,,
Freaky Friday,Mary Rodgers,,"Children's literature, Young adult literature, Speculative fiction, Fiction"
How Few Remain,Harry Turtledove,1997-09-08,"Alternate history, Science Fiction, Speculative fiction"
Perelandra,C. S. Lewis,1943,"Science Fiction, Speculative fiction, Fiction"
Teranesia,Greg Egan,1999,"Science Fiction, Speculative fiction, Fiction"
On the Road,Jack Kerouac,1957,"Roman à clef, Novel, Fiction"
Vernon God Little,D. B. C. Pierre,2003-01-20,Fiction
The Last Hero,Terry Pratchett,2001,"Science Fiction, Speculative fiction, Fantasy, Fiction"
Vile Bodies,Evelyn Waugh,1930,"Fiction, Novel"
Gilgamesh the King,Robert Silverberg,1984,"Speculative fiction, Fantasy"
Roma Eterna,Robert Silverberg,,"Alternate history, Science Fiction, Speculative fiction, Historical fiction"
The Emerald City of Oz,L. Frank Baum,1910,"Speculative fiction, Fantasy, Children's literature"
A Door Into Ocean,Joan Slonczewski,1986,"Science Fiction, Speculative fiction, Fiction"
The Robber Bride,Margaret Atwood,1993-09,"Speculative fiction, Fiction, Novel"
Lazarillo de Tormes,,1554,Picaresque novel
The Day of the Locust,Nathanael West,1939-05-16,"Fiction, Novel"
On Her Majesty's Secret Service,Ian Fleming,1963-04-01,Spy fiction
The Mote in God's Eye,Jerry Pournelle,1974,"Science Fiction, Speculative fiction, Novel"
The Dot and the Line,,,
The Egg and I,Betty MacDonald,1945,
Persuasion,Jane Austen,1818,"Novel, Children's literature, Suspense, Romance novel"
Stand on Zanzibar,John Brunner,1968,"Science Fiction, Speculative fiction, Novel, Dystopia"
Rubyfruit Jungle,Rita Mae Brown,1973,"Fiction, Novel"
Fallen Dragon,Peter F. Hamilton,,"Science Fiction, Speculative fiction"
Maus,Art Spiegelman,,"Autobiography, Biography"
The Sea-Wolf,Jack London,1904,"Children's literature, Fiction, Adventure novel, Suspense"
Lost in the Stars,Maxwell Anderson,,
Count Zero,William Gibson,1986,"Cyberpunk, Science Fiction, Speculative fiction, Dystopia"
Mona Lisa Overdrive,William Gibson,1988,"Cyberpunk, Science Fiction, Speculative fiction, Novel"
Tehanu,Ursula K. Le Guin,1990,"Science Fiction, Children's literature, Fantasy, Speculative fiction"
The Missionary Position,Christopher Hitchens,1995,Biography
The Plague Dogs,Richard Adams,1977-09-22,"Speculative fiction, Fantasy, Fiction"
Moll Flanders,Daniel Defoe,1722-01,"Novel, Fantasy, Fiction, Suspense"
Skellig,David Almond,1998,"Children's literature, Magic realism, Speculative fiction, Mystery"
Kokoro,Soseki Natsume,1914,
Diary of an Ordinary Woman,Margaret Forster,2003-03-06,Novel
The Road to Oz,L. Frank Baum,1909,"Speculative fiction, Fantasy, Children's literature"
The Last Battle,C. S. Lewis,1956,"Speculative fiction, Fantasy, Children's literature"
After the Funeral,Agatha Christie,,"Crime Fiction, Mystery, Children's literature, Fiction"
She: A History of Adventure,H. Rider Haggard,1887,"Adventure novel, Speculative fiction, Romance novel, Fantasy"
Burmese Days,George Orwell,1934-10,"Fiction, Novel"
A Clergyman's Daughter,George Orwell,1935,Novel
Star Maker,Olaf Stapledon,1937,"Scientific romance, Science Fiction, Speculative fiction, Novel"
Player Piano,Kurt Vonnegut,1952,"Science Fiction, Speculative fiction, Dystopia"
The Loved One,Evelyn Waugh,1948-02,"Satire, Fiction, Novel"
A Town Like Alice,Nevil Shute,1950,Fiction
We the Living,Ayn Rand,,"Autobiographical novel, Historical fiction, Fiction"
When Harlie Was One,David Gerrold,1972,"Science Fiction, Speculative fiction, Fiction"
The Call of the Wild,Jack London,1903,"Children's literature, Adventure, Adventure novel, Speculative fiction"
The Soft Machine,William S. Burroughs,,"Speculative fiction, Novel"
Caddie Woodlawn,Carol Ryrie Brink,1935,"Children's literature, Fiction"
The Sun Also Rises,Ernest Hemingway,,"Roman à clef, Children's literature, Novel, Fiction"
Germinal,Émile Zola,1885,Novel
Les Liaisons dangereuses,Pierre Choderlos de Laclos,1782-03-23,Epistolary novel
Krapp's Last Tape,Samuel Beckett,1958,
Happy Days,Samuel Beckett,1960,
The First Circle,Aleksandr Solzhenitsyn,1968,"Fiction, Novel"
Death Be Not Proud,John Gunther,1949,"Non-fiction, Memoir"
The Golden Age,John C. Wright,2002,"Hard science fiction, Science Fiction, Speculative fiction"
The Good Soldier Švejk,Jaroslav Hašek,,"Black comedy, Satire, Novel"
Singularity Sky,Charles Stross,2003-07-01,"Science Fiction, Speculative fiction, Novel"
The Perfect Storm,Sebastian Junger,1997-05-17,"Nature, Biography"
The Marvelous Land of Oz,L. Frank Baum,1904,"Speculative fiction, Children's literature"
Ozma of Oz,L. Frank Baum,1907,"Speculative fiction, Fantasy, Children's literature"
Prey,Michael Crichton,2002-11-25,"Science Fiction, Speculative fiction, Techno-thriller, Mystery"
The Tin Woodman of Oz,L. Frank Baum,1918,"Speculative fiction, Fantasy, Children's literature"
"Pierre Menard, Author of the Quixote",Jorge Luis Borges,1939-05,
Rocannon's World,Ursula K. Le Guin,1966,"Science Fiction, Speculative fiction"
Always Coming Home,Ursula K. Le Guin,1985,"Science Fiction, Speculative fiction, Fantasy, Fiction"
The Last of the Mohicans,James Fenimore Cooper,1826-02,Historical novel
"The History of Rasselas, Prince of Abissinia",Samuel Johnson,,
Dorothy and the Wizard in Oz,L. Frank Baum,1908,"Speculative fiction, Fantasy, Children's literature"
Forward the Foundation,Isaac Asimov,1993-01,"Science Fiction, Speculative fiction, Fiction"
Ramona,Helen Hunt Jackson,1884,"Children's literature, Fiction, Novel"
Tik-Tok of Oz,L. Frank Baum,1914,"Speculative fiction, Fantasy, Children's literature"
The Truce at Bakura,Kathy Tyers,1993,"Science Fiction, Speculative fiction, Fiction"
An Enemy of the People,Henrik Ibsen,,
The Scarecrow of Oz,L. Frank Baum,1917,"Speculative fiction, Fantasy, Children's literature"
The Genius and the Goddess,Aldous Huxley,1955-12,Romance novel
Balance Point,Kathy Tyers,,"Science Fiction, Speculative fiction, Fantasy"
The Old Capital,Yasunari Kawabata,1962,Novel
Destiny's Way,Walter Jon Williams,,"Science Fiction, Speculative fiction"
Timequake,Kurt Vonnegut,1997,"Autobiographical novel, Time travel, Speculative fiction"
The Neverending Story,Michael Ende,1979,"Science Fiction, Children's literature, Fantasy, Speculative fiction"
The Chosen,Chaim Potok,1967-06,"Speculative fiction, Children's literature, Fiction, Novel"
The Campus Murders,Gil Brewer,1969,"Mystery, Detective fiction"
Rinkitink in Oz,L. Frank Baum,1916,"Speculative fiction, Fantasy, Children's literature"
Arrowsmith,Sinclair Lewis,1925,"Fiction, Novel"
The Lost Princess of Oz,L. Frank Baum,1917,"Speculative fiction, Fantasy, Children's literature"
The Time Ships,Stephen Baxter,1995,"Science Fiction, Novel, Alternate history, Speculative fiction"
Evolution,Stephen Baxter,2002-11-30,"Science Fiction, Speculative fiction, Fantasy"
Black Beauty,Anna Sewell,1877-11-24,"Children's literature, Fiction, Novel"
A Visit from St. Nicholas,Clement Clarke Moore,1823,Children's literature
Vector Prime,Robert Anthony Salvatore,,"Science Fiction, Speculative fiction"
The Thorn Birds,Colleen McCullough,1977-04,"Children's literature, Fiction, Romance novel, Novel"
The Magic of Oz,L. Frank Baum,1919,"Speculative fiction, Fantasy, Children's literature"
Charlie and the Great Glass Elevator,Roald Dahl,1972-09,"Science Fiction, Children's literature, Fantasy, Speculative fiction"
The Inheritors,Ford Madox Ford,,"Novel, Science Fiction, Speculative fiction, Poetry"
Moving Pictures,Terry Pratchett,1990,"Science Fiction, Speculative fiction, Fantasy, Fiction"
Glinda of Oz,L. Frank Baum,1920,"Speculative fiction, Fantasy, Children's literature"
The Book of Sand,Jorge Luis Borges,1975,
Walk Two Moons,Sharon Creech,1994-06-30,"Children's literature, Young adult literature, Fiction"
"God Bless You, Mr. Rosewater",Kurt Vonnegut,1965,"Speculative fiction, Fiction, Novel"
The Unknown Soldier,Väinö Linna,1954-12-03,War novel
Main Street,Sinclair Lewis,1920,"Autobiography, Biography, Children's literature, Fiction"
Misery,Stephen King,1987-06-08,"Children's literature, Horror, Speculative fiction, Fiction"
The Monk,M. G. Lewis,,Gothic fiction
Star by Star,Troy Denning,,"Science Fiction, Speculative fiction, Fantasy, Fiction"
American Tabloid,James Ellroy,1995-02-14,"Crime Fiction, Mystery, Speculative fiction, Fiction"
The Wonderful Adventures of Nils,Selma Lagerlöf,1906,"Speculative fiction, Children's literature"
The Cold Six Thousand,James Ellroy,2001-05-08,"Crime Fiction, Mystery, Novel, Suspense"
Fifth Business,Robertson Davies,1970,"Speculative fiction, Fiction"
The Crab with the Golden Claws,Hergé,1941,
Black Boy,Richard Wright,1945,"Autobiography, Biography, Künstlerroman, Non-fiction"
The City and the Pillar,Gore Vidal,1948-01-10,Novel
Tai-Pan: A Novel of Hong Kong,James Clavell,1966,"Historical fiction, Fiction, Novel"
Horton Hears a Who!,Dr. Seuss,1954-08,Children's literature
The World is Round,Tony Rothman,1978,"Hard science fiction, Science Fiction, Speculative fiction"
Angels in America: A Gay Fantasia on National Themes,Tony Kushner,,
’Salem's Lot,Stephen King,1975-09-05,"Gothic fiction, Speculative fiction, Horror"
One Day in the Life of Ivan Denisovich,Aleksandr Solzhenitsyn,1963,Fiction
The Black Dahlia,James Ellroy,1987-09,"Crime Fiction, Mystery, Novel, Fiction"
Invisible Man,Ralph Ellison,1952,"Science Fiction, Children's literature, Novel, Fiction"
The Bourne Identity,Robert Ludlum,1980-02,"Thriller, Mystery, Spy fiction, Fiction"
The Gripping Hand,Jerry Pournelle,,"Science Fiction, Speculative fiction, Novel"
Redwall,Brian Jacques,,"Children's literature, Fantasy, Speculative fiction, Fiction"
Forever Peace,Joe Haldeman,1997,"Science Fiction, Speculative fiction, Novel"
Alaska,James A. Michener,1988,"History, Fiction, Historical novel"
The Shooting Star,Hergé,1942,
The Mill on the Floss,George Eliot,1860,"Children's literature, Novel, Romance novel, Mystery"
Lullaby,Chuck Palahniuk,2002-09-17,"Satire, Horror, Speculative fiction, Fiction"
The Knight's Tale,Geoffrey Chaucer,,Chivalric romance
Le Père Goriot,Honoré de Balzac,,
Lucky Jim,Kingsley Amis,1954,"Comic novel, Fiction, Novel"
Grim the Collier of Croydon,J. T.,,
"For Us, The Living: A Comedy of Customs",Robert A. Heinlein,2003-11-28,"Science Fiction, Speculative fiction"
A Connecticut Yankee in King Arthur's Court,Mark Twain,1889,"Science Fiction, Children's literature, Alternate history, Speculative fiction"
The Glass Menagerie,Tennessee Williams,,
Absolution Gap,Alastair Reynolds,,"Hard science fiction, Science Fiction, Speculative fiction"
Broken Angels,Richard Morgan,2003-03-20,"Science Fiction, Speculative fiction"
A Delicate Balance,Edward Albee,,
"Coronation, or the Last of the Romanovs",Boris Akunin,2000,"Mystery, Novel, History"
Wolves of the Calla,Stephen King,2003-11-04,"Science Fiction, Horror, Western fiction, Speculative fiction"
The Good Earth,Pearl S. Buck,1931-03-02,"Historical fiction, Children's literature, Fiction"
The Secret Garden,Frances Hodgson Burnett,1909,"Science Fiction, Speculative fiction, Children's literature, Fiction"
"The Sea, the Sea",Iris Murdoch,1978,Fiction
Trinity,Leon Uris,1976,"Historical fiction, Fiction"
The Discovery of Heaven,Harry Mulisch,1992-10,"Fiction, Novel"
A Prayer for Owen Meany,John Irving,1989-03,Novel
This Present Darkness,Frank E. Peretti,,
Oahspe: A New Bible,,1882,Religion
Get Shorty,Elmore Leonard,,"Crime Fiction, Mystery, Fiction"
Autobiography of a Brown Buffalo,Oscar Zeta Acosta,1972,"Autobiography, Novel"
The Naked Sun,Isaac Asimov,1957-01,"Mystery, Science Fiction, Speculative fiction, Children's literature"
The Man Who Was Thursday,G. K. Chesterton,1908,"Thriller, Mystery, Speculative fiction, Fiction"
A Simple Plan,Scott Smith,1993-08-31,"Thriller, Mystery, Fiction, Suspense"
"Farewell, My Lovely",Raymond Chandler,1940,"Crime Fiction, Hardboiled"
The Long Goodbye,Raymond Chandler,1953,"Mystery, Detective fiction, Novel, Hardboiled"
The Once and Future King,T. H. White,1958,"Speculative fiction, Fantasy"
Relic,Douglas Preston,1995,"Thriller, Science Fiction, Horror, Speculative fiction"
The Mayor of Casterbridge: The Life and Death of a Man of Character,Thomas Hardy,1886,Novel
Life of Pi,Yann Martel,2001-09,"Fiction, Novel"
Le Morte d'Arthur,Thomas Malory,,
The Robots of Dawn,Isaac Asimov,1983,"Mystery, Science Fiction, Speculative fiction, Children's literature"
Peril at End House,Agatha Christie,,"Crime Fiction, Mystery, Children's literature, Fiction"
The Subtle Knife,Philip Pullman,1997,"Children's literature, Fantasy, Speculative fiction, Fiction"
The Horse and His Boy,C. S. Lewis,1954,"Speculative fiction, Fantasy, Children's literature"
The Story of the Stone,Barry Hughart,1988,"Speculative fiction, Fantasy"
The Mists of Avalon,Marion Zimmer Bradley,1983-01,"Speculative fiction, Fantasy, Fiction"
The Book of Merlyn,T. H. White,1977,"Speculative fiction, Fantasy, Fiction"
The Tragical History of Doctor Faustus,Christopher Marlowe,1604,
The Iron Heel,Jack London,1908,"Science Fiction, Speculative fiction, Utopian and dystopian fiction, Fantasy"
Martin Eden,Jack London,1909,"Children's literature, Künstlerroman, Fiction, Novel"
The Valley of the Moon,Jack London,1913,"Children's literature, Fiction"
At Swim-Two-Birds,Flann O'Brien,1939,Novel
Startide Rising,David Brin,1983,"Science Fiction, Speculative fiction, Children's literature, Fiction"
Rilla of Ingleside,Lucy Maud Montgomery,1921,Children's literature
The Pickwick Papers,Charles Dickens,1837,"Fiction, Novel"
Quarantine,Greg Egan,1992,"Hard science fiction, Science Fiction, Speculative fiction, Fantasy"
Perfume,Patrick Süskind,1985,"Mystery, Speculative fiction, Horror, Magic realism"
Rama II,Gentry Lee,1989,"Science Fiction, Speculative fiction, Fiction"
Planet of Exile,Ursula K. Le Guin,1966,"Science Fiction, Speculative fiction, Fiction, Novel"
Fortress Besieged,Qian Zhongshu,1947,"Fiction, Novel"
The Voyage of the Dawn Treader,C. S. Lewis,1952,"Speculative fiction, Fantasy, Children's literature"
The Silver Chair,C. S. Lewis,1953,"Speculative fiction, Fantasy, Children's literature"
Geek Love,Katherine Dunn,1989,"Speculative fiction, Fiction, Novel"
City of Illusions,Ursula K. Le Guin,1967,"Science Fiction, Speculative fiction, Fantasy, Fiction"
Malafrena,Ursula K. Le Guin,1979,"Alternate history, Science Fiction, Speculative fiction, Fantasy"
The Mosquito Coast,Paul Theroux,,
The Awakening,Kate Chopin,1899,"Romance novel, Reference, Fiction, Novella"
The Blithedale Romance,Nathaniel Hawthorne,1852,"Roman à clef, Fiction, Historical novel"
Under the Net,Iris Murdoch,,Fiction
Crystal Boys,Pai Hsien-yung,,
The Two Noble Kinsmen,John Fletcher,1634,
Things Fall Apart,Chinua Achebe,,"Novel, Children's literature, Poetry, Fiction"
Moneyball: The Art of Winning an Unfair Game,Michael Lewis,2003,Non-fiction
The Wind Done Gone,Alice Randall,2001-05-01,Parallel novel
Billy Budd,Herman Melville,,"Children's literature, Fiction, Novella"
Bleak House,Charles Dickens,1853,Novel
Bridge to Terabithia,Donna Diamond,1977-10-21,"Children's literature, Young adult literature, Speculative fiction, Fiction"
Uncle Dynamite,P. G. Wodehouse,,Fiction
Tourist Season,Carl Hiaasen,1986,"Crime Fiction, Mystery, Suspense"
"Come Back, Little Sheba",William Inge,,
Tigana,Guy Gavriel Kay,1990-08,"Science Fiction, Speculative fiction, Fantasy, Fiction"
The Red and the Black,Stendhal,1830-11,"Fiction, Novel"
Pincher Martin,William Golding,,Fiction
Chocky,John Wyndham,1968,"Science Fiction, Speculative fiction, Fiction"
Civilization and its Discontents,Sigmund Freud,1930,Non-fiction
Hay Fever,Noël Coward,,
Private Lives,Noël Coward,,
Blithe Spirit,Noël Coward,,
Agnes Grey,Anne Brontë,1847,
The Stepford Wives,Ira Levin,1972-09,"Thriller, Speculative fiction, Horror, Satire"
The Fifth Child,Doris Lessing,1988,"Fiction, Novel"
Anti-Ice,Stephen Baxter,1993-06,"Alternate history, Science Fiction, Speculative fiction, Fiction"
Shadow of the Giant,Orson Scott Card,2005,"Science Fiction, Speculative fiction, Fiction"
Design for Living,Noël Coward,,
A Personal Matter,Kenzaburō Ōe,,
Encounter With Tiber,Buzz Aldrin,1996,"Science Fiction, Speculative fiction, Fiction"
Night of the Aurochs,Dalton Trumbo,1979,War novel
"The Stars, Like Dust",Isaac Asimov,1951,"Science Fiction, Speculative fiction, Fiction, Whodunit"
The Swiss Family Robinson,Johann David Wyss,1812,"Children's literature, Fiction, Adventure novel"
The Makioka Sisters,,,
Slow Learner,Thomas Pynchon,1984,"Speculative fiction, Short story, Fiction"
The Sky So Big and Black,Batūl Khuḍayrī,,"Science Fiction, Speculative fiction, Fantasy, Fiction"
The Master of Go,Yasunari Kawabata,,Historical novel
The House of the Dead,Fyodor Dostoyevsky,,
The Legend of Luke,Brian Jacques,1999,"Children's literature, Fantasy, Speculative fiction, Fiction"
To a God Unknown,John Steinbeck,1933,Novel
Mystic River,Dennis Lehane,2001-02,"Mystery, Novel, Fiction, Suspense"
The Monkey Wrench Gang,Edward Abbey,1975-08-01,"Speculative fiction, Fiction, Novel"
Jin Ping Mei,Xiaoxiaosheng,,
Death from a Top Hat,Clayton Rawson,,"Mystery, Detective fiction"
The Autumn of the Patriarch,Gabriel García Márquez,1975,Novel
The Eyre Affair,Jasper Fforde,2001-07-19,"Alternate history, Fiction, Novel"
I Am a Cat,Soseki Natsume,,"Comic novel, Comedy"
Swag,Elmore Leonard,1976,"Mystery, Fiction, Suspense"
The Moon and Sixpence,W. Somerset Maugham,1919,"Biographical novel, Historical fiction, Fiction, Roman à clef"
Against Interpretation,Susan Sontag,1966,Literary criticism
Say It With Poison,Ann Granger,,"Mystery, Suspense"
Camp Concentration,Thomas M. Disch,1968,"Science Fiction, Speculative fiction, Fiction, Dystopia"
The Bald Soprano,Eugène Ionesco,,
The Whole Man,John Brunner,1964,"Science Fiction, Speculative fiction"
Timescoop,John Brunner,,"Science Fiction, Speculative fiction"
Touching the Void,Joe Simpson,,
Silverlock,John Myers Myers,1949,"Speculative fiction, Fantasy, Fiction"
Matilda,Roald Dahl,1988,"Children's literature, Fantasy, Speculative fiction, Humour"
The Positronic Man,Isaac Asimov,1993-11,"Science Fiction, Fiction"
Brazil Red,Jean-Christophe Rufin,2001,
No Highway,Nevil Shute,1948-12,"Mystery, Speculative fiction, Fiction, Suspense"
"Rich Dad, Poor Dad: What the Rich Teach Their Kids About Money - That the Poor and the Middle Class Do Not!",Sharon Lechter,2000-04-01,Non-fiction
The Currents of Space,Isaac Asimov,1952,"Science Fiction, Speculative fiction, Fiction"
Foundation's Fear,Gregory Benford,1997-02,"Science Fiction, Speculative fiction"
Foundation and Chaos,Greg Bear,1998-02,"Science Fiction, Speculative fiction, Fiction"
Foundation's Triumph,David Brin,1999-05,"Science Fiction, Speculative fiction"
The Seagull,Anton Chekhov,,
Isaac Asimov's Caliban,Roger MacBride Allen,1993-03,"Science Fiction, Speculative fiction"
Isaac Asimov's Inferno,Roger MacBride Allen,1994-09,"Science Fiction, Speculative fiction"
Isaac Asimov's Utopia,,,Science Fiction
The Feast of the Goat,Mario Vargas Llosa,2001,"Novel, Fiction, Historical novel"
Lost in a Good Book,Jasper Fforde,2002,"Alternate history, Speculative fiction, Mystery, Fantasy"
Pan,Knut Hamsun,1894,Fiction
The Eye of Argon,Jim Theis,1970,"Speculative fiction, Fantasy"
The Glass Bead Game,Hermann Hesse,1943,"Science Fiction, Speculative fiction, Fiction, Novel"
Seven Days in New Crete,Robert Graves,,"Science Fiction, Speculative fiction, Fiction"
The Hitchhiker's Guide to the Galaxy,Douglas Adams,1979-10-12,"Science Fiction, Comic novel, Speculative fiction, Comic science fiction"
The Satanic Verses,Salman Rushdie,1988,"Speculative fiction, Children's literature, Fiction, Magic realism"
Galactic Pot-Healer,Philip K. Dick,1969,"Science Fiction, Speculative fiction, Fiction"
Jennifer Government,Max Barry,2003-01-21,"Dystopia, Satire, Speculative fiction, Utopian and dystopian fiction"
American Pastoral,Philip Roth,1997-05-12,"Fiction, Novel"
Down to a Sunless Sea,David Graham,,"Science Fiction, Speculative fiction, Novel"
Piercing the Darkness,Frank E. Peretti,,
Hegemony or Survival,Noam Chomsky,2003-11,"Political philosophy, Non-fiction"
The Mystery of the Yellow Room,Gaston Leroux,,"Mystery, Fantasy, Fiction, Suspense"
The Case of the Constant Suicides,John Dickson Carr,1941,"Detective fiction, Mystery, Fiction, Music"
Galilee,Clive Barker,1998,Speculative fiction
The Spy Who Loved Me,Ian Fleming,1962-04-16,Spy fiction
Assomoir,Émile Zola,1877,Novel
Trilby,George du Maurier,,Horror
Metropolitan,Walter Jon Williams,1995,"Science Fiction, Speculative fiction"
The Hellbound Heart,Clive Barker,,"Speculative fiction, Horror"
Five Children and It,E. Nesbit,1902,"Children's literature, Fantasy, Speculative fiction, Fiction"
Valley of the Dolls,Jacqueline Susann,1966,Romance novel
The Rise of Christianity,,,
Scaramouche: A Romance of the French Revolution,Rafael Sabatini,1921,Historical novel
K-PAX,Gene Brewer,1995,"Science Fiction, Speculative fiction, Fantasy, Fiction"
Medea,Euripides,,
The Frogs,Aristophanes,,
Them,Joyce Carol Oates,1969-06,"Speculative fiction, Fiction, Novel"
2061: Odyssey Three,Arthur C. Clarke,1987,"Science Fiction, Speculative fiction"
3001: The Final Odyssey,Arthur C. Clarke,1997,"Science Fiction, Speculative fiction"
Rama Revealed,Arthur C. Clarke,1993-10-14,"Science Fiction, Speculative fiction"
At the Mountains of Madness,H. P. Lovecraft,,"Science Fiction, Horror, Speculative fiction, Mystery"
Maskerade,Terry Pratchett,1995,"Science Fiction, Speculative fiction, Fantasy, Fiction"
Footfall,Jerry Pournelle,1985-05-12,"Science Fiction, Speculative fiction, Fiction"
Shade's Children,Garth Nix,1997-09,"Science Fiction, Speculative fiction, Fantasy, Dystopia"
The Bonfire of the Vanities,Tom Wolfe,1987,"Fiction, Novel"
On My Way to Paradise,Dave Wolverton,1989,Science Fiction
Ice Station Zebra,Alistair MacLean,1963,"Thriller, Novel"
Saturday Night and Sunday Morning,Alan Sillitoe,1958,
Inferno,Jerry Pournelle,1976,"Science Fiction, Speculative fiction, Fiction, Novel"
The Bridge of San Luis Rey,Thornton Wilder,1927,"Fiction, Novella, Novel"
The Owl Service,Alan Garner,1967,"Fantasy, Speculative fiction, Young adult literature"
Maya the Bee,Waldemar Bonsels,1912,Children's literature
Baudolino,Umberto Eco,2000,"Speculative fiction, Historical fiction, Romance novel, Fantasy"
Tintin in Tibet,Hergé,1960,
The Ugly Little Boy,Isaac Asimov,1958-09,"Science Fiction, Novel"
The Man-eaters of Tsavo,John Henry Patterson,,Non-fiction
Ponniyin Selvan,Kalki Krishnamurthy,,"Thriller, Spy fiction, Novel, Romance novel"
The Temple of Elemental Evil,Frank Mentzer,,Role-playing game
A Walk in the Woods: Rediscovering America on the Appalachian Trail,Bill Bryson,1998-05-04,Non-fiction
In the Country of Last Things,Paul Auster,1987,"Speculative fiction, Dystopia, Utopian and dystopian fiction"
The Path to the Nest of Spiders,Italo Calvino,1947,
Orlando Innamorato,Matteo Maria Boiardo,,
Bartleby the Scrivener,Herman Melville,1853-11,
Shikasta,Doris Lessing,1979,"Science Fiction, Fiction"
Expedition to the Barrier Peaks,Gary Gygax,1980,Role-playing game
Down and Out in the Magic Kingdom,Cory Doctorow,2003-02-01,"Science Fiction, Speculative fiction"
I Like Pumpkins,Jerry Smath,2003,
National Velvet,Enid Bagnold,1935,"Children's literature, Fiction"
I Never Promised You a Rose Garden,Joanne Greenberg,1964,"Autobiographical novel, Children's literature, Fiction"
The Sum of All Fears,Tom Clancy,,"Thriller, Speculative fiction, Fiction"
"He, She and It",Marge Piercy,1991,"Science Fiction, Speculative fiction, Fiction"
Exercitatio Anatomica de Motu Cordis et Sanguinis in Animalibus,William Harvey,,
Our Dumb Century,The Onion,1999-03-23,
Tintin in the Land of the Soviets,Hergé,1930,Comic book
Something Fresh,P. G. Wodehouse,1915-09-16,"Comic novel, Comedy, Fiction"
The Light of Other Days,Stephen Baxter,2000-04-16,"Science Fiction, Speculative fiction, Transhumanism"
Do I Hear a Waltz?,Richard Rodgers,,
The Integral Trees,Larry Niven,1984,"Science Fiction, Speculative fiction, Fiction, Novel"
The Age of Innocence,Edith Wharton,1920,"Fiction, Romance novel, Novel"
With Fire and Sword,Henryk Sienkiewicz,1884,Historical novel
Sabriel,Garth Nix,,"Science Fiction, Children's literature, Fantasy, Speculative fiction"
The Amber Spyglass,Philip Pullman,2000,"Science Fiction, Children's literature, Fantasy, Speculative fiction"
The Tao of Pooh,Benjamin Hoff,1982,
Protagoras,Plato,,
Summer Lightning,P. G. Wodehouse,1929-07-19,"Comic novel, Speculative fiction, Fiction, Comedy"
Riddley Walker,Russell Hoban,1980,"Science Fiction, Speculative fiction, Fiction, Utopian and dystopian fiction"
The Case of Charles Dexter Ward,H. P. Lovecraft,,Speculative fiction
334,Thomas M. Disch,1972,"Dystopia, Science Fiction, Speculative fiction, Fiction"
N or M?,Agatha Christie,,"Crime Fiction, Mystery"
The Mist,Stephen King,,Novella
The Seven Dials Mystery,Agatha Christie,,"Crime Fiction, Mystery, Fiction, Suspense"
Travesties,Tom Stoppard,,
Ronia the Robber's Daughter,Astrid Lindgren,1981,Children's literature
Pet Sematary,Stephen King,1983-11-14,"Speculative fiction, Horror, Fiction, Suspense"
Firestarter,Stephen King,1980-09-29,"Thriller, Science Fiction, Children's literature, Horror"
Rage,Stephen King,,"Speculative fiction, Horror"
The Regulators,Stephen King,1996-09-24,"Science Fiction, Speculative fiction, Horror"
The Two Georges,Harry Turtledove,,"Alternate history, Science Fiction, Speculative fiction, Fiction"
The Adventure of the Lion's Mane,Arthur Conan Doyle,,
Oryx and Crake,Margaret Atwood,,"Dystopia, Science Fiction, Speculative fiction, Novel"
Temple,Matthew Reilly,1999-08,"Thriller, Techno-thriller, Speculative fiction, Fiction"
The Man Who Folded Himself,David Gerrold,1973,"Time travel, Speculative fiction, Science Fiction, Fiction"
The Four Feathers,A. E. W. Mason,1902,Adventure novel
Ice Station,Matthew Reilly,1998-08,"Techno-thriller, Speculative fiction, Fiction"
The Magic Mountain,Thomas Mann,1924,"Fiction, Bildungsroman"
The Bridge on the Drina,Ivo Andrić,1945,Novel
The Castle,Franz Kafka,,"Dystopia, Fiction, Utopian and dystopian fiction"
Invisible Monsters,Chuck Palahniuk,1999-09,"Speculative fiction, Fiction, Novel"
Speak,Laurie Halse Anderson,1999-10,"Children's literature, Fiction, Novel"
Ripley Under Water,Patricia Highsmith,1991-10-03,"Crime Fiction, Mystery"
The Broken Ear,Hergé,1937,Comic book
The Secret of Chimneys,Agatha Christie,,"Crime Fiction, Mystery, Fiction, Suspense"
Tintin in the Congo,Hergé,1931,Comic book
The Black Island,Hergé,1938,Comic book
The Secret of the Unicorn,Hergé,1943,
Red Rackham's Treasure,Hergé,1944,
The Pelican Brief,John Grisham,1992,"Children's literature, Fiction, Novel"
The Fall of the House of Usher,Edgar Allan Poe,1839-09,Horror
Tintin and the Picaros,Hergé,1976,
"Unweaving the Rainbow: Science, Delusion and the Appetite for Wonder",Richard Dawkins,1998,Non-fiction
The Seven Crystal Balls,Hergé,1948,
In the Skin of a Lion,Michael Ondaatje,,Fiction
The World of Null-A,A. E. van Vogt,1948,"Science Fiction, Speculative fiction, Novel"
The Black Arrow: A Tale of the Two Roses,Robert Louis Stevenson,1888,"Children's literature, Adventure novel, Speculative fiction, Romance novel"
Interesting Times,Terry Pratchett,,"Science Fiction, Children's literature, Speculative fiction, Fantasy"
Prisoners of the Sun,Hergé,1949,
Land of Black Gold,Hergé,1950,
The Present and the Past,Ivy Compton-Burnett,,Fiction
Jenny lives with Eric and Martin,Susanne Bösche,,"Picture book, Children's literature"
Explorers on the Moon,Hergé,1954,Comic book
The Calculus Affair,Hergé,1956,
The Dragon Reborn,Robert Jordan,1991-10-15,"Speculative fiction, Fantasy"
The Fires of Heaven,Robert Jordan,1993-10-15,"Speculative fiction, Fantasy"
The Shadow Rising,Robert Jordan,1992-09-15,"Speculative fiction, Fantasy"
1876,Gore Vidal,1976,"History, Novel"
Last of the Curlews,Fred Bodsworth,,"Fiction, Novel"
Reaper Man,Terry Pratchett,,"Science Fiction, Speculative fiction, Fantasy, Fiction"
Men at Arms,Terry Pratchett,,"Science Fiction, Speculative fiction, Fantasy, Fiction"
Hogfather,Terry Pratchett,,"Speculative fiction, Fantasy, Fiction"
Thief of Time,Terry Pratchett,2001,"Science Fiction, Speculative fiction, Fantasy, Fiction"
Code of the Lifemaker,James P. Hogan,,"Science Fiction, Speculative fiction, Fiction"
Free Culture: How Big Media Uses Technology and the Law to Lock Down Culture and Control Creativity,Lawrence Lessig,2004,Non-fiction
Killing Mr. Griffin,Lois Duncan,1978-04,"Children's literature, Young adult literature, Fiction, Suspense"
Peer Gynt,Henrik Ibsen,,
Venus and Adonis,William Shakespeare,1593,
A Wrinkle in Time,Madeleine L'Engle,1962,"Fantasy, Science Fiction, Speculative fiction, Young adult literature"
Lord of Chaos,Robert Jordan,1994-10-15,"Speculative fiction, Fantasy"
The Outsiders,S. E. Hinton,,"Children's literature, Young adult literature, Speculative fiction, Fiction"
The Manuscript Found in Saragossa,Jan Potocki,,
The Power and the Glory,Graham Greene,1940,"Speculative fiction, Children's literature, Fiction, Novel"
The End of the Affair,Graham Greene,,"Speculative fiction, Fiction, Novel"
Master Harold...and the Boys,Athol Fugard,,
The Idiot,Fyodor Dostoyevsky,1869,Novel
Telempath,Spider Robinson,,"Science Fiction, Speculative fiction, Fiction"
Tell Me Your Dreams,Sidney Sheldon,1998,Thriller
The Doomsday Conspiracy,Sidney Sheldon,1991,"Thriller, Fiction, Novel"
Altered Carbon,Richard Morgan,2002-02-28,"Science Fiction, Speculative fiction, Hardboiled"
Death on the Nile,Agatha Christie,,"Crime Fiction, Mystery, Fiction, Suspense"
Dot and the Kangaroo,Ethel Pedley,1899,Children's literature
New English Bible,,,
The Seven-Per-Cent Solution,Nicholas Meyer,1974-07,"Detective fiction, Fiction"
Jimmy Corrigan: The Smartest Kid on Earth,Chris Ware,2000,Graphic novel
Palestine,Joe Sacco,,"Comics, Comic book, Fiction, Graphic novel"
Like a Velvet Glove Cast in Iron,Daniel Clowes,,"Comics, Speculative fiction, Fiction, Humour"
David Boring,Daniel Clowes,,"Speculative fiction, Fantasy, Children's literature"
The Shipping News,E. Annie Proulx,1993,Novel
A Time for Judas,Morley Callaghan,1983-09,"Fiction, Novel"
Waldo,Robert A. Heinlein,1950,"Science Fiction, Short story"
The Fifth Elephant,Terry Pratchett,1999,"Speculative fiction, Fantasy, Fiction"
The Confusion,Neal Stephenson,2004,"Speculative fiction, Historical fiction, Fiction, Historical novel"
Northern Lights,Philip Pullman,1995,"Children's literature, Fantasy, Speculative fiction, Steampunk"
The Science of Discworld II: The Globe,,2002,Alternate history
Moon Palace,Paul Auster,1989-02,"Speculative fiction, Fiction, Picaresque novel"
Independent People,Halldór Laxness,1934,Novel
The Vagina Monologues,Eve Ensler,,
Bridge of Birds,Barry Hughart,1984,"Science Fiction, Speculative fiction, Fantasy, Fiction"
Viper in the Fist,Hervé Bazin,,
"A Child Called ""It""",Dave Pelzer,1995-09-01,"Biography, Children's literature"
"Are You There, God? It's Me, Margaret",Judy Blume,,Young adult literature
Angels and Demons,Dan Brown,2000-05,"Thriller, Crime Fiction, Novel, Speculative fiction"
The Science of Discworld,,,Alternate history
The Narrative of Arthur Gordon Pym of Nantucket,Edgar Allan Poe,1838-07,"Gothic fiction, Speculative fiction, Novel, Lost World"
Villette,Charlotte Brontë,1853,Speculative fiction
Shirley,Charlotte Brontë,1849,"Social novel, Speculative fiction"
William Does His Bit,Richmal Crompton,1941,"Children's literature, Fiction"
The Tale of the Heike,,,
Windmills of the Gods,Sidney Sheldon,1987,"Thriller, Fiction"
Flat Stanley,Jeff Brown,,Children's literature
Greenmantle,"John Buchan, 1st Baron Tweedsmuir",1916,Thriller
The Castle of Otranto,Judy Blume,1764,Speculative fiction
Glengarry Glen Ross,David Mamet,,
"Bill, the Galactic Hero",Harry Harrison,1965,"Science Fiction, Speculative fiction, Fantasy, Fiction"
The Green Progression,,,
Nicomachean Ethics,,,
The Metamorphosis of Prime Intellect,,2002,Science Fiction
What Is Art?,Leo Tolstoy,1897,
Observation on the Spot,Stanisław Lem,,"Science Fiction, Speculative fiction"
Decline and Fall,Evelyn Waugh,1928,"Satire, Novel, Fiction, Comedy"
Ethan Frome,Edith Wharton,1911,"Fantasy, Children's literature, Horror, Fiction"
White Oleander,Janet Fitch,1999,"Fiction, Bildungsroman, Novel"
Macroscope,Piers Anthony,1969,"Science Fiction, Speculative fiction, Fantasy, Fiction"
The Mousetrap,Agatha Christie,,
Henry VIII,John Fletcher,1623,
Earthsearch,James Follett,,Speculative fiction
Lanark: A Life in Four Books,Alasdair Gray,1981,"Science Fiction, Fantasy, Fiction, Dystopia"
Tomb of Horrors,,,Role-playing game
Team Yankee,Harold Coyle,1987-08,"Speculative fiction, Novel"
The Stars My Destination,Alfred Bester,1956,"Science Fiction, Speculative fiction, Fiction"
Titan,John Varley,1979,"Science Fiction, Speculative fiction, Novel"
The Rules of Attraction,Bret Easton Ellis,1987-09,"Black comedy, Satire"
The City and the Stars,Arthur C. Clarke,1956-06,"Science Fiction, Speculative fiction, Novel"
The Changeling,Thomas Middleton,1653,
Beyond the Rocks,Elinor Glyn,1906,Novel
The Portrait of a Lady,Henry James,1881,Novel
Max the Mighty,Rodman Philbrick,1998,Young adult literature
Devdas,Sharat Chandra Chattopadhyay,1917-06-30,Novella
Eragon,Christopher Paolini,2002,"Science Fiction, Children's literature, Speculative fiction, Young adult literature"
Dark Tide: Onslaught,Michael A. Stackpole,,Science Fiction
Dark Tide: Ruin,Michael A. Stackpole,,"Science Fiction, Speculative fiction"
The Edible Woman,Margaret Atwood,1969-08,"Speculative fiction, Fiction, Novel"
The Brothers Karamazov,Fyodor Dostoyevsky,1880-11,"Novel, Fiction, Suspense"
Congo,Michael Crichton,1980,"Science Fiction, Children's literature, Adventure novel, Speculative fiction"
Agents of Chaos: Hero's Trial,James Luceno,,"Science Fiction, Speculative fiction"
Agents of Chaos: Jedi Eclipse,James Luceno,,"Science Fiction, Speculative fiction"
Looking Backward,Edward Bellamy,1888,"Science Fiction, Speculative fiction, Utopian and dystopian fiction"
Witches Abroad,Terry Pratchett,1991,"Science Fiction, Speculative fiction, Fantasy, Fiction"
Lords and Ladies,Terry Pratchett,1992,"Science Fiction, Speculative fiction, Fantasy, Fiction"
The Royal Game,Stefan Zweig,,
Nostromo,Joseph Conrad,1904,"Fiction, Novel"
The Well of Lost Plots,Jasper Fforde,2003,"Alternate history, Speculative fiction, Fantasy, Fiction"
Tom a Lincoln,,,
Recovery,Troy Denning,,Science Fiction
Edge of Victory: Conquest,Gregory Keyes,,Science Fiction
Edge of Victory: Rebirth,Gregory Keyes,,Science Fiction
Old Yeller,Fred Gipson,1956,"Children's literature, Fiction"
Tom Brown's Schooldays,Thomas Hughes,1857,"School story, Children's literature, English public-school stories, Boys' school stories"
The Last Book in the Universe,Rodman Philbrick,,"Science Fiction, Speculative fiction"
Eight Skilled Gentlemen,Barry Hughart,1990,"Speculative fiction, Fantasy"
The Songs of Distant Earth,Arthur C. Clarke,1986,"Science Fiction, Speculative fiction"
Slapstick,Kurt Vonnegut,1976,"Science Fiction, Speculative fiction, Novel"
Captain Blood: His Odyssey,Rafael Sabatini,1922,Adventure novel
Earthborn,Orson Scott Card,,"Science Fiction, Speculative fiction, Fantasy, Fiction"
Flicker,Theodore Roszak,1991,Novel
The Müller-Fokker Effect,John Sladek,1970,Science Fiction
Earthfall,Orson Scott Card,,"Science Fiction, Speculative fiction, Fantasy, Fiction"
"God Bless You, Dr. Kevorkian",Kurt Vonnegut,,Speculative fiction
The Wasps,Aristophanes,,
Elidor,Alan Garner,1965,"Speculative fiction, Fantasy, Children's literature"
Freak the Mighty,Rodman Philbrick,1993,"Children's literature, Young adult literature"
Darkness at Noon,Arthur Koestler,1940,"Fiction, Novel"
The Mystery of Edwin Drood,Charles Dickens,1870,"Speculative fiction, Fiction, Novel"
A Time to Kill,David Alan Mack,1989,"Mystery, Speculative fiction, Fiction, Suspense"
A Handful of Dust,Evelyn Waugh,1934,"Fiction, Novel"
Never Cry Wolf,Farley Mowat,1963,"Nature, Children's literature, Fiction, Non-fiction"
The Mauritius Command,Patrick O'Brian,,"Historical fiction, Fiction, Historical novel"
The Confessions of St. Augustine,Augustine of Hippo,0398,Non-fiction
A Hat Full of Sky,Terry Pratchett,,"Speculative fiction, Children's literature"
The Surgeon's Mate,Patrick O'Brian,1980,"Naval adventure, Historical novel"
According to Mary Magdalene,Marianne Fredriksson,1997-03,"Fiction, Novel"
Insomnia,Stephen King,,"Fantasy, Children's literature, Horror, Speculative fiction"
"Gabriela, Cravo e Canela",Jorge Amado,,
The Two Deaths of Quincas Wateryell,Jorge Amado,1959,"Crime Fiction, Speculative fiction, Novel"
Tocaia Grande,Jorge Amado,1984,
Carpe Jugulum,Terry Pratchett,,"Science Fiction, Children's literature, Fantasy, Speculative fiction"
Dead Souls,Nikolai Gogol,1842,Fiction
The Voyage of the Space Beagle,A. E. van Vogt,1950,"Science Fiction, Speculative fiction"
Fallen Angels,Larry Niven,1991,"Science Fiction, Speculative fiction, Fantasy, Fiction"
Sevastopol: On Photographs of War,,,
The Hunts,Amelia Biagioni,,
Addictive Aversions,,,
Angels of Youth,Luigi Fontanella,,
The Wolf at the Door: A Poetic Cycle,Bogomil Gjuzel,,
"The Fantastic Ordinary World of Lutz Rathenow: Poems, Plays & Stories",,,
The Music of Chance,Paul Auster,1990,"Mystery, Fiction"
L'Histoire de Juliette,"Donatien Alphonse François de Sade, Marquis de Sade",1797,"Gothic fiction, Erotica"
Johnny and the Bomb,Terry Pratchett,1996,"Science Fiction, Speculative fiction, Children's literature, Fiction"
The Anubis Gates,Tim Powers,1983,"Time travel, Speculative fiction, Fantasy, Steampunk"
Three Sisters,Anton Chekhov,,
"Gun, with Occasional Music",Jonathan Lethem,1994-03,"Crime Fiction, Science Fiction, Novel, Speculative fiction"
Misspent Youth,Peter F. Hamilton,2002,"Science Fiction, Speculative fiction, Fantasy, Fiction"
The Bone People,Keri Hulme,1984-02,"Mystery, Fiction"
Animal World,Antonio di Benedetto,,Short story
The Supervisor of the Sea,,,
The Truth Machine,,,"Science Fiction, Speculative fiction"
The Witches,Roald Dahl,1983,"Speculative fiction, Children's literature, Fiction"
The Algebraist,Iain Banks,2004,"Science Fiction, Speculative fiction, Novel"
Walking on Glass,Iain Banks,1985-03-07,"Fiction, Novel"
"Tinker, Tailor, Soldier, Spy",John le Carré,1974-06,Spy fiction
The Nutmeg of Consolation,Patrick O'Brian,1991,"Historical fiction, Fiction, Historical novel"
The Bellmaker,Brian Jacques,1994,"Children's literature, Fantasy, Speculative fiction, Fiction"
The Tin Drum,Günter Grass,1959,"Speculative fiction, Novel"
Crossroads of Twilight,Robert Jordan,2003-01-07,"Speculative fiction, Fantasy"
The Last Starship from Earth,John Boyd,1968,"Alternate history, Science Fiction, Speculative fiction"
Restoring the Lost Constitution,Randy Barnett,,Non-fiction
Momo,Michael Ende,1973-01-01,"Children's literature, Fantasy, Speculative fiction, Fiction"
The Most Dangerous Game,Gavin Lyall,1964,"Thriller, Spy fiction, Novel"
Many Waters,Madeleine L'Engle,1986-09-01,"Science Fiction, Children's literature, Speculative fiction, Young adult literature"
Froth on the daydream,Boris Vian,1947,Novel
The Drifters,James A. Michener,1971,"Speculative fiction, Historical novel"
The Lady of Shalott,"Alfred Tennyson, 1st Baron Tennyson",,
World of Wonders,Robertson Davies,1975,Fiction
The Cay,Theodore Taylor,1969,"Speculative fiction, Children's literature, Novel"
This Side of Paradise,Fitzgerald,1920,"Fiction, Novel"
Memoirs of Hadrian,Marguerite Yourcenar,1951,"Novel, Historical novel"
A Calculus of Angels,Gregory Keyes,1999-03-30,"Alternate history, Science Fiction, Speculative fiction, Fantasy"
Newton's Cannon,Gregory Keyes,1998,"Science Fiction, Speculative fiction"
The Path of Daggers,Robert Jordan,1998-10-20,"Speculative fiction, Fantasy"
"Twelfth Night, or What You Will",William Shakespeare,1623,
Franny and Zooey,J. D. Salinger,1961,"Short story, Fiction, Novella, Novel"
A Spy in the House of Love,Anaïs Nin,,
One Hundred Years of Solitude,Gabriel García Márquez,1967,"Speculative fiction, Novel"
The Wanting Seed,Anthony Burgess,1962,"Speculative fiction, Dystopia, Utopian and dystopian fiction"
HMS Surprise,Patrick O'Brian,1973,"Historical fiction, Fiction, Historical novel"
Post Captain,Patrick O'Brian,1972,"Historical fiction, Fiction, Historical novel"
Desolation Island,Patrick O'Brian,1978,"Historical fiction, Fiction, Historical novel"
The Fortune of War,Patrick O'Brian,1979,"Naval adventure, Historical fiction, Fiction, Historical novel"
The Ionian Mission,Patrick O'Brian,1981,"Historical fiction, Fiction, Historical novel"
The Far Side of the World,Patrick O'Brian,1984,"Historical fiction, Fiction, Historical novel"
Treason's Harbour,Patrick O'Brian,1983,Historical novel
The Reverse of the Medal,Patrick O'Brian,1986,"Historical fiction, Fiction, Historical novel"
The Letter of Marque,Patrick O'Brian,1988,"Historical fiction, Fiction, Historical novel"
Blue at the Mizzen,Patrick O'Brian,1999,"Fiction, Historical novel"
The Hundred Days,Patrick O'Brian,1998-09-28,"Historical fiction, Fiction, Historical novel"
The Yellow Admiral,Patrick O'Brian,1996,"Fiction, Historical novel"
The Commodore,Patrick O'Brian,1995,"Historical fiction, Fiction, Historical novel"
The Wine-Dark Sea,Patrick O'Brian,1993,"Historical fiction, Fiction, Historical novel"
Clarissa Oakes,Patrick O'Brian,1993,"Mystery, Historical fiction, Fiction, Suspense"
The Book of Skulls,Robert Silverberg,1972,"Fantasy, Science Fiction, Speculative fiction, Horror"
The Road to Wellville,T. Coraghessan Boyle,1993-05-01,"Fiction, Novel"
A Separate Peace,John Knowles,1959,"Children's literature, Young adult literature, Fiction, Bildungsroman"
The Unifying Force,James Luceno,,"Science Fiction, Speculative fiction, Fiction"
Asterix and the Great Divide,,,
Earthlight,Arthur C. Clarke,1955,Science Fiction
A Fall of Moondust,Arthur C. Clarke,1961,"Hard science fiction, Science Fiction, Speculative fiction"
Our Mutual Friend,Charles Dickens,1865,"Speculative fiction, Fiction, Novel"
The Bad Beginning,Daniel Handler,1999-09-30,"Gothic fiction, Mystery, Steampunk, Absurdist fiction"
The Reptile Room,Daniel Handler,1999-09-30,"Gothic fiction, Mystery, Steampunk, Novel"
The Wide Window,Daniel Handler,2000-02,"Gothic fiction, Mystery, Fantasy, Steampunk"
The Miserable Mill,Daniel Handler,2000-04,"Gothic fiction, Mystery, Steampunk, Novel"
The Austere Academy,Daniel Handler,2000-08-31,"Gothic fiction, Mystery, Steampunk, Novel"
The Ersatz Elevator,Daniel Handler,2001-03,"Novel, Absurdist fiction, Mystery, Fantasy"
The Vile Village,Daniel Handler,2001-05,"Gothic fiction, Mystery, Fantasy, Steampunk"
The Carnivorous Carnival,Daniel Handler,2002-10-28,"Gothic fiction, Mystery, Steampunk, Fiction"
The Slippery Slope,Daniel Handler,2003-09-23,"Gothic fiction, Mystery, Steampunk, Novel"
The Grim Grotto,Daniel Handler,2004-09-21,"Gothic fiction, Mystery, Steampunk, Novel"
Chronicle of a Death Foretold,Gabriel García Márquez,1981,Crime Fiction
Earth,David Brin,1990,"Science Fiction, Speculative fiction, Fiction"
"Henry IV, Part 2",William Shakespeare,,
The Borrowers,Mary Norton,1952,"Children's literature, Fantasy"
The Neon Bible,John Kennedy Toole,1989-05,"Fiction, Novel"
In Dubious Battle,John Steinbeck,1936,Novel
The Twelve Chairs,Ilya Ilf,1928,Satire
The Little Golden Calf,Ilya Ilf,1931,Satire
The Moon Is Down,John Steinbeck,1942,Novel
Herbstmilch,,,
A Good School,Richard Yates,1978,Novel
Dark Journey,Elaine Cunningham,,"Science Fiction, Speculative fiction"
Enemy Lines: Rebel Dream,Aaron Allston,,Science Fiction
The Eagle Has Landed,Jack Higgins,1975-09-08,"Thriller, Mystery, War novel, Fiction"
The Absolute at Large,Karel Čapek,,"Science Fiction, Speculative fiction"
War with the Newts,Karel Čapek,,"Science Fiction, Satire, Speculative fiction"
In the Time of the Butterflies,Julia Álvarez,1994,"Historical fiction, Non-fiction novel, Novel"
The Law of Success,Napoleon Hill,1928,
Night Watch,Terry Pratchett,2002,"Science Fiction, Speculative fiction, Fantasy, Fiction"
The Bonesetter's Daughter,Amy Tan,2001-02-19,
Nightfall,Robert Silverberg,1990,"Science Fiction, Speculative fiction, Fiction"
Less Than Zero,Bret Easton Ellis,1985,Fiction
Oku no Hosomichi,Basho,,
"That Was Then, This Is Now",S. E. Hinton,1960,"Children's literature, Young adult literature, Speculative fiction, Fiction"
From a Buick 8,Stephen King,2002-09-24,"Fantasy, Science Fiction, Speculative fiction, Horror"
Three Men in a Boat,Jerome K. Jerome,1889,"Children's literature, Fiction"
Galápagos,Kurt Vonnegut,1985,"Speculative fiction, Novel"
The Te of Piglet,Benjamin Hoff,1992,
The Jesus Incident,Frank Herbert,1979,"Science Fiction, Speculative fiction"
Soldier X,Don L. Wulffson,2003-07,War novel
The Protestant Ethic and the Spirit of Capitalism,Max Weber,1905,Sociology
Iacocca: An Autobiography,William Novak,1985-01,"Autobiography, Non-fiction"
Red Alert,Peter George,1958,"Science Fiction, Fiction"
Wizard's First Rule,Terry Goodkind,1994-08-15,"Speculative fiction, Fantasy, High fantasy"
Billy Bathgate,E. L. Doctorow,1989,"Fiction, Novel"
The Joy Luck Club,Amy Tan,1989,"Children's literature, Fiction, Novel"
Fried Green Tomatoes,Fannie Flagg,1987-08-12,Romance novel
Cradle,Arthur C. Clarke,1988,"Science Fiction, Speculative fiction"
Kings of the High Frontier,Victor Koman,,"Hard science fiction, Science Fiction, Speculative fiction"
Redemption Ark,Alastair Reynolds,2002-12-31,"Science Fiction, Novel, Hard science fiction, Speculative fiction"
The Scary Sleepover,Ulrich Karger,2002,Children's literature
White Fang,Jack London,1906-05,"Children's literature, Fiction, Adventure novel"
The Conformist,Alberto Moravia,1951,"Reference, Fiction"
Buying a fishing rod for my grandfather,Gao Xingjian,,
Where Late the Sweet Birds Sang,Kate Wilhelm,1976,"Science Fiction, Speculative fiction, Fiction, Novel"
Eugénie Grandet,Honoré de Balzac,1833,
Anglo-Saxon Attitudes,Angus Wilson,1956,"Fiction, Novel"
Eldest,Christopher Paolini,2005-08-23,"Science Fiction, Children's literature, Speculative fiction, Fantasy"
Forever Free,Joe Haldeman,1999,"Science Fiction, Novel"
The Cuckoo's Egg,Clifford Stoll,1990,
Going Postal,Terry Pratchett,2004,"Speculative fiction, Fantasy, Fiction"
Another Roadside Attraction,Tom Robbins,,"Speculative fiction, Fiction, Novel"
Of the City of the Saved...,Philip Purser-Hallard,2004,"Science Fiction, Speculative fiction"
A Game of Thrones,George R. R. Martin,1996-08-06,"Speculative fiction, Fantasy, Fiction"
A Clash of Kings,George R. R. Martin,1998,"Science Fiction, Speculative fiction, Fantasy, Fiction"
A Storm of Swords,George R. R. Martin,2000,"Speculative fiction, Fantasy, Fiction"
A Deepness in the Sky,Vernor Vinge,1999-03,"Hard science fiction, Science Fiction, Speculative fiction, Fiction"
The Notebook,Nicholas Sparks,1996-10-01,Romance novel
A History of the World in 10½ Chapters,Julian Barnes,,"Speculative fiction, Fiction"
Enemy Lines: Rebel Stand,Aaron Allston,,"Science Fiction, Speculative fiction"
Traitor,Matthew Stover,,"Science Fiction, Speculative fiction, Fiction"
Force Heretic: Remnant,Shane Dix,,Science Fiction
Force Heretic: Refugee,Sean Williams,,Science Fiction
Force Heretic: Reunion,Sean Williams,,Science Fiction
The Final Prophecy,Gregory Keyes,,"Science Fiction, Speculative fiction"
Millennium,John Varley,1983,"Science Fiction, Speculative fiction, Novel"
Making History,Stephen Fry,,"Alternate history, Time travel, Speculative fiction, Science Fiction"
Bowling Alone: The Collapse and Revival of American Community,Robert Putnam,2000,"Social sciences, Non-fiction"
Women in Love,D. H. Lawrence,,"Fiction, Romance novel"
The Ragwitch,Garth Nix,1990,"Children's literature, Horror, Speculative fiction, Young adult literature"
Sundiver,David Brin,1980,"Science Fiction, Speculative fiction, Children's literature, Fiction"
Journey to the Center of the Earth,Jules Verne,1864,"Science Fiction, Children's literature, Fiction, Adventure novel"
The Betrothed,Alessandro Manzoni,1827,Historical novel
The Redemption of Althalus,David Eddings,2000-07-03,"Speculative fiction, Fantasy"
Brazzaville Beach,William Boyd,,
The Indian in the Cupboard,Lynne Reid Banks,1980,"Children's literature, Fantasy, Speculative fiction, Fiction"
The Wealth of Nations,Adam Smith,1776,Non-fiction
Naked Came the Stranger,Penelope Ashe,,
Area 7,Matthew Reilly,2001-10-31,"Techno-thriller, Fiction"
Callahan's Crosstime Saloon,Spider Robinson,,Speculative fiction
The Witches of Eastwick,John Updike,1984-04-12,Speculative fiction
Syrup,Max Barry,1999-07,Satire
The Midwich Cuckoos,John Wyndham,,"Science Fiction, Speculative fiction, Children's literature, Fiction"
"Akhenaten, Dweller in Truth",Naguib Mahfouz,,"History, Novel"
Faerie Tale,Raymond E. Feist,1988-02-01,"Speculative fiction, Fantasy"
Lirael,Garth Nix,2001,"Science Fiction, Children's literature, Fantasy, Speculative fiction"
Abhorsen,Garth Nix,2003,"Children's literature, Fantasy, Speculative fiction, Fiction"
The Girl Who Owned a City,O. T Nelson,1975-03-28,"Science Fiction, Apocalyptic and post-apocalyptic fiction, Children's literature"
"Right Ho, Jeeves",P. G. Wodehouse,1934-10-05,Novel
Green Darkness,Anya Seton,1972-11-01,"Speculative fiction, Historical fiction, Romance novel, Fantasy"
Stig of the Dump,Clive King,1963-06-01,"Speculative fiction, Children's literature, Fiction"
Demian,Hermann Hesse,1919,"Novel, Children's literature, Künstlerroman, Speculative fiction"
The High Crusade,Poul Anderson,1960,"Science Fiction, Speculative fiction, Fiction"
Tempest-Tost,Robertson Davies,,Fiction
Leaven of Malice,Robertson Davies,,Fiction
Noble House: The Epic Novel of Modern Hong Kong,James Clavell,1981-04,"Historical fiction, Fiction, Historical novel"
Red Star,,,Science Fiction
Hawaii,James A. Michener,1959,"Children's literature, Fiction"
1632,Eric Flint,2000-02-01,"Science Fiction, Speculative fiction, Novel, Alternate history"
The Rivals,Richard Brinsley Sheridan,,
Q,,1999,
New Spring,Robert Jordan,2004-01,"Speculative fiction, Fantasy"
Asterix the Gaul,René Goscinny,1961,
The Heroic Legend of Arslan,,,Fantasy
Ruins of Adventure,Michael Breault,,
Giles Goat-Boy,John Barth,1966,"Speculative fiction, Novel, Dystopia"
Land Beyond the Magic Mirror,Gary Gygax,,
The Intuitionist,Colson Whitehead,1999-01,"Speculative fiction, Novel"
Ravenloft,Laura Hickman,,Role-playing game
The English Teacher,R. K. Narayan,1980-10-15,"Autobiographical novel, Novel"
The Giving Tree,Shel Silverstein,1964-10-07,"Picture book, Children's literature, Fiction"
Fanshawe,Nathaniel Hawthorne,1828,"Biography, Fiction, Romance novel"
Rob Roy,Walter Scott,1817,Historical novel
The House at Pooh Corner,A. A. Milne,1928,Children's literature
Queen of Angels,Greg Bear,1990,"Science Fiction, Speculative fiction, Novel"
The House Without a Key,Earl Derr Biggers,,"Mystery, Fiction, Suspense"
Behind That Curtain,Earl Derr Biggers,,"Mystery, Fiction, Suspense"
The Black Camel,Earl Derr Biggers,1929,"Mystery, Novel, Fiction, Suspense"
Charlie Chan Carries On,Earl Derr Biggers,1930,"Mystery, Novel, Fiction, Suspense"
Keeper of the Keys,Janny Wurts,1932,"Mystery, Novel, Speculative fiction, Fiction"
The Street Lawyer,John Grisham,1998,"Thriller, Mystery, Fiction, Suspense"
The Runaway Jury,John Grisham,1996,"Mystery, Novel, Fiction, Suspense"
Jesus on Mars,Philip José Farmer,,"Science Fiction, Speculative fiction"
Polgara the Sorceress,David Eddings,1997,"Speculative fiction, Fantasy, Fiction"
Ilium,Dan Simmons,2003,"Science Fiction, Speculative fiction"
Iron Council,China Miéville,2004,"Western fiction, Speculative fiction, Steampunk"
Distress,Greg Egan,1995,"Science Fiction, Speculative fiction, Fantasy, Fiction"
Miss Lonelyhearts,Nathanael West,1933-04-08,Fiction
The Golden Ass,Apuleius,,Picaresque novel
Once Were Warriors,Alan Duff,1990,Fiction
Eye of the Needle,Ken Follett,,"Fiction, Suspense"
Raptor Red,Robert T. Bakker,1995,"Science Fiction, Novel"
Martin Chuzzlewit,Charles Dickens,1844,Novel
Song of Susannah,Stephen King,2004-06-08,"Science Fiction, Horror, Western fiction, Speculative fiction"
Perdido Street Station,China Miéville,2000,"Science Fiction, Speculative fiction, Dystopia"
"Tick, Tick... BOOM!",David Auburn,,
The Fall of Hyperion,Dan Simmons,1990-03,"Science Fiction, Speculative fiction, Fantasy, Fiction"
The Pet Goat,,1995,Children's literature
Hornet Flight,Ken Follett,,"Thriller, Young adult literature, Fiction"
Melmoth the Wanderer,,,
Skinny Dip,Carl Hiaasen,2004,"Crime Fiction, Fiction, Novel"
Dragonsong,Anne McCaffrey,1976-03,"Science Fiction, Children's literature, Speculative fiction, Young adult literature"
Postcards from the Edge,Carrie Fisher,1987,"Fiction, Novel"
The Chronoliths,Robert Charles Wilson,2001,"Science Fiction, Speculative fiction, Novel"
Black Comedy,Peter Shaffer,,
High Rise,J. G. Ballard,1975,"Science Fiction, Speculative fiction, Fiction, Novel"
The Atrocity Exhibition,J. G. Ballard,1970,"Experimental literature, Speculative fiction"
Smiley's People,John le Carré,1979-11,Spy fiction
Harry Potter and the Deathly Hallows,J. K. Rowling,2007-07-21,"Children's literature, Fantasy, Speculative fiction, Fiction"
Alphabet of Thorn,Patricia A. McKillip,2004-02,"Speculative fiction, Fantasy"
And the Ass Saw the Angel,Nick Cave,1989,"Gothic fiction, Fiction, Novel"
Super-Cannes,J. G. Ballard,,"Speculative fiction, Fiction"
Day of Al'Akbar,Allen Hammack,,
The Keep on the Borderlands,Gary Gygax,1979-12,Role-playing game
The Secret of Bone Hill,,,Role-playing game
The Open Society and Its Enemies,Karl Popper,1945,Philosophy
Music for Chameleons,Truman Capote,,Short story
The Fantasticks,Tom Jones,,
The Tale of Tsar Saltan,Aleksandr Pushkin,,
Zuleika Dobson,Max Beerbohm,1911,"Satire, Novel"
Flatterland,Ian Stewart,2001,"Popular science, Science Fiction"
To the Lighthouse,Virginia Woolf,1927-05-05,"Children's literature, Fiction, Novel"
Henderson the Rain King,Saul Bellow,1959,Fiction
Appointment in Samarra,John O'Hara,1934,Novel
Friday the Rabbi Slept Late,Harry Kemelman,1964,"Mystery, Fiction, Suspense"
The Devils,Fyodor Dostoyevsky,1872,
Timescape,Gregory Benford,1980,"Science Fiction, Novel, Speculative fiction, Fantasy"
Chasing Vermeer,Blue Balliett,2003,"Mystery, Children's literature, Young adult literature"
A Feast for Crows,George R. R. Martin,2005-10-17,"Speculative fiction, Fantasy"
Abarat,Clive Barker,2002,"Fantasy, Speculative fiction, Young adult literature"
Sophie's World,Jostein Gaarder,1991,Speculative fiction
The Commitments,Roddy Doyle,1987,
At Heaven's Gate,,,
Wonderful Life: The Burgess Shale and the Nature of History,Stephen Jay Gould,1989,"Mathematics, Non-fiction, Science"
You Shall Know Our Velocity,Dave Eggers,2002-09,Novel
The Sword of Shannara,Terry Brooks,1977,"Science Fiction, Children's literature, Speculative fiction, Fantasy"
Summer of Night,Dan Simmons,1991-01,"Speculative fiction, Horror"
The Elfstones of Shannara,Terry Brooks,1982,"High fantasy, Children's literature, Fantasy, Speculative fiction"
The Mysterious Island,Jules Verne,1874,"Science Fiction, Children's literature, Novel, Adventure novel"
The Last Chronicle of Barset,Anthony Trollope,1867,"Historical fiction, Fiction"
Emperor of America,Richard Condon,1990-01,"Satire, Fiction, Novel"
Nana,Émile Zola,1880,Novel
The Happy Return,C. S. Forester,1937,"Historical fiction, Fiction, Suspense, Historical novel"
The Wishsong of Shannara,Terry Brooks,1985-04-12,"Science Fiction, Children's literature, Fantasy, Speculative fiction"
First King of Shannara,Terry Brooks,,"Speculative fiction, Fantasy, High fantasy"
Time Stops for No Mouse,Michael Hoeye,1999,"Mystery, Speculative fiction, Children's literature, Fiction"
Barnaby Rudge,Charles Dickens,1841,"Fiction, Historical novel"
The Old Curiosity Shop,Charles Dickens,1840,"Fiction, Novel"
Ancient Shores,Jack McDevitt,,"Science Fiction, Speculative fiction"
The Big Four,Agatha Christie,,"Crime Fiction, Mystery, Fiction, Suspense"
Les amitiés particulières,Roger Peyrefitte,1943,
The Worm Ouroboros,Eric Rucker Eddison,1922,"Science Fiction, Speculative fiction, Fantasy, Fiction"
Rising Sun,Michael Crichton,1992-01-27,"Crime Fiction, Mystery, Science Fiction, Fiction"
"Norby, the Mixed-Up Robot",Isaac Asimov,1983,"Science Fiction, Speculative fiction"
Glory Season,David Brin,1993,"Science Fiction, Speculative fiction, Children's literature, Novel"
The Road to Serfdom,Friedrich Hayek,1944-03,Economics
Nature,,,
The Killer Angels: A Novel of the Civil War,Michael Shaara,1974,"Historical fiction, Fiction, War novel, Historical novel"
Wishing Moon,,2004-06-03,"Children's literature, Fantasy"
Mother Courage and Her Children,Bertolt Brecht,,
The Lathe of Heaven,Ursula K. Le Guin,1971,"Science Fiction, Speculative fiction, Fantasy, Fiction"
The Lost World,Arthur Conan Doyle,1912,"Science Fiction, Lost World, Speculative fiction, Scientific romance"
Alexander's Bridge,Willa Cather,1912,"Fiction, Novel"
Nevada,,,
Petersburg,Andrei Bely,,Novel
Raw Spirit,Iain Banks,2003,
The Life and Loves of a She-Devil,Fay Weldon,,"Mystery, Novel, Fiction, Suspense"
The King of Torts,John Grisham,2003,"Mystery, Novel, Fiction, Suspense"
Woman at Point Zero,,1975,
Notable American Women,Ben Marcus,2002-03,"Fiction, Novel"
Lady Macbeth of the Mtsensk District,Nikolai Leskov,,
The Wings of the Dove,Henry James,,Novel
The Ambassadors,Henry James,,Novel
Tender is the Night,F. Scott Fitzgerald,,"Autobiographical novel, Roman à clef, Novel, Fiction"
The Good Soldier,Ford Madox Ford,1915-03,"Fiction, Novel"
The Golden Bowl,Henry James,1904-11-10,Novel
Go Tell It on the Mountain,James Baldwin,1953,Autobiographical novel
The Secret Agent,Joseph Conrad,1907-09,"Spy fiction, Children's literature, Fiction"
Assassin's Apprentice,Robin Hobb,1995,"Speculative fiction, Fantasy"
Royal Assassin,Robin Hobb,1996,"Science Fiction, Speculative fiction, Fantasy, Fiction"
Assassin's Quest,Robin Hobb,1997,"Speculative fiction, Fantasy"
The Divine Invasion,Philip K. Dick,1981,"Science Fiction, Speculative fiction"
Wasp,Eric Frank Russell,1957,"Science Fiction, Speculative fiction, Fiction"
A Void,Georges Perec,1969,Novel
Amusing Ourselves to Death: Public Discourse in the Age of Show Business,Neil Postman,1985,Non-fiction
The Amazing Adventures of Kavalier & Clay,Michael Chabon,2000-09-19,"Speculative fiction, Historical fiction, Fiction"
Tik-Tok,John Sladek,1983,"Science Fiction, Speculative fiction"
Hard Times,Charles Dickens,1854,"Industrial novel, Novel"
Roderick,John Sladek,1980-11-13,"Science Fiction, Speculative fiction"
The Leopard,Giuseppe Tomasi di Lampedusa,1958,"Fiction, Novel"
The Dalkey Archive,Flann O'Brien,,"Comic novel, Speculative fiction, Fiction"
Wonder Boys,Michael Chabon,1995-03-14,"Fiction, Novel"
The Eagle's Conquest,Simon Scarrow,2001-08-02,"Historical fiction, Historical novel"
Brighton Rock,Graham Greene,,"Thriller, Crime Fiction, Speculative fiction, Fiction"
Winter Kills,Richard Condon,1974-05,"Black comedy, Comic novel, Comedy, Fiction"
Notes from Underground,Fedor Mikhaïlovitch Dostoïevski,1864,Novella
Now and Then,Joseph Heller,,Memoir
The Bear and the Dragon,Tom Clancy,2000,"Thriller, Novel"
The 158-Pound Marriage,John Irving,1974-08-12,Novel
"X-Men: God Loves, Man Kills",,,
Entertaining Mr Sloane,Joe Orton,,
"Dilvish, the Damned",Roger Zelazny,1982,"Fantasy, Speculative fiction, Short story"
Red Shift,Alan Garner,1973-09-17,"Speculative fiction, Fantasy"
Herzog,Saul Bellow,1964,Fiction
The Business,Iain Banks,1999,"Novel, Fiction, Suspense"
Halo: The Fall of Reach,Eric S. Nylund,2001-10-30,"Science Fiction, Speculative fiction"
Halo: The Flood,William C. Dietz,,"Science Fiction, Speculative fiction"
Halo: First Strike,Eric S. Nylund,,"Science Fiction, Speculative fiction"
Understanding Media: The Extensions of Man,Marshall McLuhan,1964,Non-fiction
Into Thin Air: A Personal Account of the Mt. Everest Disaster,Jon Krakauer,1996-10,Non-fiction
Tropic of Cancer,Henry Miller,1934,"Autobiographical novel, Erotica, Novel"
The Naked and the Dead,Norman Mailer,1948,Fiction
The Moviegoer,Walker Percy,1961,"Music, Speculative fiction, Fiction"
Death Comes for the Archbishop,Willa Cather,1927,"Historical fiction, Fiction, Novel"
Of Human Bondage,W. Somerset Maugham,1915,"Autobiographical novel, Children's literature, Künstlerroman, Fiction"
A High Wind in Jamaica,Richard Hughes,1929,"Fiction, Novel"
A House for Mr Biswas,V.S. Naipaul,1961,Fiction
A Bend in the River,V.S. Naipaul,1979,"Fiction, Novel"
Scoop,Evelyn Waugh,1938,"Children's literature, Novel, Fiction, Comedy"
The Ginger Man,J. P. Donleavy,,Fiction
Wide Sargasso Sea,Jean Rhys,1966-10,"Historical fiction, Romance novel, Parallel novel"
The Magus,John Fowles,,"Speculative fiction, Children's literature, Fiction, Novel"
Tobacco Road,Erskine Caldwell,1932,
Ragtime,E. L. Doctorow,,"Speculative fiction, Children's literature, Fiction, Historical novel"
Lord Jim,Joseph Conrad,,"Science Fiction, Children's literature, Fiction, Psychological novel"
The Journey of Ibn Fattouma,Naguib Mahfouz,,Novel
Vril,"Edward Bulwer-Lytton, 1st Baron Lytton",1870,Science Fiction
The Honourable Schoolboy,John le Carré,1977,Spy fiction
The Canary Trainer,Nicholas Meyer,1993-09-20,"Mystery, Detective fiction"
The Dark Half,Stephen King,1989-11-01,"Children's literature, Horror, Speculative fiction, Fiction"
Sandman: The Dream Hunters,Neil Gaiman,1999,Novella
The Tale of Peter Rabbit,Beatrix Potter,1902,"Picture book, Children's literature, Fantasy, Fiction"
The Chamber,Enric Tremps,1994,"Mystery, Children's literature, Fiction, Novel"
The Reality Dysfunction,Peter F. Hamilton,1996-01-26,"Science Fiction, Speculative fiction, Fantasy, Novel"
Cocaine Nights,J. G. Ballard,,"Science Fiction, Speculative fiction, Fiction"
The Crystal World,J. G. Ballard,1966,"Science Fiction, Speculative fiction, Fiction, Novel"
Concrete Island,J. G. Ballard,,"Science Fiction, Speculative fiction, Fiction"
A Burnt-Out Case,Graham Greene,1960,"Speculative fiction, Fiction, Novel"
Dune: House Harkonnen,Kevin J. Anderson,2000-10-03,"Science Fiction, Speculative fiction"
Dune: House Corrino,Kevin J. Anderson,2001-10-02,"Science Fiction, Speculative fiction"
The Summons,John Grisham,2002,"Mystery, Novel, Fiction, Suspense"
Needful Things,Stephen King,1991-10,"Speculative fiction, Horror, Fiction"
The Stingray Shuffle,Tim Dorsey,,Crime Fiction
Portrait of Lozana: The Lusty Andalusian Woman,Francisco Delicado,,Novel
La Celestina,Fernando de Rojas,1499,Novel
Infinite Jest,David Foster Wallace,1996-02-01,"Science Fiction, Postmodernism, Speculative fiction, Satire"
"Magic, Inc.",Robert A. Heinlein,1950,Science Fiction
Artemis Fowl,Eoin Colfer,2001-04,"Fantasy, Children's literature, Young adult literature"
Artemis Fowl: The Arctic Incident,Eoin Colfer,2002-05,"Speculative fiction, Fantasy, Children's literature"
Papillon,Henri Charrière,1969,Autobiographical novel
Kate Vaiden,Reynolds Price,1986-06,"Fiction, Novel"
Phaedrus,Plato,,
Hayduke Lives,Edward Abbey,,"Speculative fiction, Fiction"
When Worlds Collide,Philip Gordon Wylie,1933,"Science Fiction, Speculative fiction"
Love You Forever,Robert Munsch,1986,Fiction
Island of the Blue Dolphins,Scott O'Dell,1960-09,"Children's literature, Fiction"
The Cherry Orchard,Anton Chekhov,,
Present Laughter,Noël Coward,,
Kiln People,David Brin,2002,"Science Fiction, Speculative fiction, Fiction, Novel"
The Poisonwood Bible,Barbara Kingsolver,1998,"Fiction, Novel"
Angle of Repose,Wallace Stegner,1971,Novel
The Death of the Heart,Elizabeth Bowen,1938,
The House of Mirth,Edith Wharton,1905-10-14,"Fiction, Novel"
Bel Ami,Guy de Maupassant,1885,"Historical fiction, Fiction"
Bachelor of Arts,R. K. Narayan,1937,"Fiction, Novel"
Lilith,George MacDonald,,"Speculative fiction, Fantasy"
A Grief Observed,C. S. Lewis,1961,
The Charterhouse of Parma,Stendhal,1839,Fiction
In Search of the Castaways,Jules Verne,,"Science Fiction, Speculative fiction, Fiction, Adventure novel"
Triggerfish Twist,Tim Dorsey,2002,Crime Fiction
Florida Roadkill,Tim Dorsey,1999,"Crime Fiction, Fiction"
The Passion of New Eve,Angela Carter,1977,"Science Fiction, Speculative fiction, Magic realism, Dystopia"
Middlesex,Jeffrey Eugenides,2002-10-07,"Transgender and transsexual fiction, Fiction, Novel"
The Autobiography of Alice B. Toklas,Gertrude Stein,1933,"Autobiography, Biography"
"1982, Janine",Alasdair Gray,1984-10-30,"Speculative fiction, Fantasy, Fiction"
Firewall,Henning Mankell,2002,"Crime Fiction, Mystery, Fiction, Suspense"
The Curious Incident of the Dog in the Night-time,Mark Haddon,2003,Mystery
Ella Enchanted,Gail Carson Levine,1997,"Children's literature, Fantasy, Speculative fiction, Fiction"
The Blue Flowers,Raymond Queneau,1965,Novel
Romance of Atlantis,,,Fantasy
The Vampire Armand,Anne Rice,1998-10-10,"Children's literature, Horror, Erotica, Speculative fiction"
The Dharma Bums,Jack Kerouac,,"Roman à clef, Autobiography, Biography, Novel"
Even Cowgirls Get the Blues,Gus Van Sant,,"Speculative fiction, Fiction, Novel"
Den Haag,,2008-12-01,"Crime Fiction, Mystery, Historical fiction"
James and the Giant Peach,Roald Dahl,1961,"Children's literature, Fantasy, Speculative fiction, Fiction"
Sphere,Michael Crichton,1987-05-12,"Techno-thriller, Children's literature, Novel, Speculative fiction"
Triton,Samuel R. Delany,1976,"Science Fiction, Speculative fiction, Fiction"
Revelation Space,Alastair Reynolds,2000,"Hard science fiction, Science Fiction, Speculative fiction, Fantasy"
Chasm City,Alastair Reynolds,2001,"Hard science fiction, Science Fiction, Speculative fiction, Fantasy"
Diary,Chuck Palahniuk,2003-08-26,"Satire, Horror, Speculative fiction, Fiction"
Only You Can Save Mankind,Terry Pratchett,1992,"Science Fiction, Children's literature, Nature, Speculative fiction"
Johnny and the Dead,Terry Pratchett,1993,"Science Fiction, Children's literature, Fantasy, Speculative fiction"
Going After Cacciato,Tim O'Brien,1978-01,"War novel, Fiction"
Vice Versa,Thomas Anstey Guthrie,1882,Fantasy
Memoirs of a Geisha,Arthur Golden,1997-09-23,Historical novel
Blindness,José Saramago,1995,"Speculative fiction, Novel"
The Bat Man,Jo Nesbø,1997,Crime Fiction
The Redbreast,Jo Nesbø,2000,Crime Fiction
The Devil's Star,Jo Nesbø,2003,Crime Fiction
The Bourne Supremacy,Robert Ludlum,1986-02-11,"Thriller, Novel, Fiction, Suspense"
Brewster's Millions,George Barr McCutcheon,1902,"Comic novel, Comedy"
City,Clifford D. Simak,1952,"Science Fiction, Speculative fiction"
The Wild Duck,Henrik Ibsen,,
Hawksbill Station,Robert Silverberg,1968,"Science Fiction, Speculative fiction"
The Royal Book of Oz,Ruth Plumly Thompson,1921,"Speculative fiction, Fantasy, Children's literature"
Niebla,Miguel de Unamuno,1914,Fiction
The Other Side of Midnight,Sidney Sheldon,1973,"Thriller, Mystery, Fiction, Suspense"
Slan,A. E. van Vogt,1946,"Science Fiction, Speculative fiction, Fantasy, Fiction"
The Garden of Rama,Gentry Lee,1991-09-26,"Science Fiction, Speculative fiction"
The Water-Method Man,John Irving,1972-12,"Literary fiction, Novel"
The Night of the Triffids,Simon Clark,2001,"Science Fiction, Apocalyptic and post-apocalyptic fiction, Speculative fiction"
The Woman Warrior,Maxine Hong Kingston,1975,"Autobiography, Children's literature, Künstlerroman"
Sanditon,Jane Austen,1817,"Fiction, Romance novel, Philosophy"
Lady Susan,Jane Austen,,"Epistolary novel, Fiction, Romance novel"
Goodnight Mister Tom,Michelle Magorian,1981-03-01,"Children's literature, Fiction, Historical novel"
Gorboduc,Thomas Norton,,
If I Forget Thee Jerusalem,William Faulkner,1939,
The Misfortunes of Virtue,"Donatien Alphonse François de Sade, Marquis de Sade",1791,"Gothic fiction, Erotica"
The Godmakers,Frank Herbert,1972,"Science Fiction, Speculative fiction"
Epileptic,David Beauchard,,
Market Forces,Richard Morgan,2004,"Science Fiction, Speculative fiction, Fiction"
Orlando: A Biography,Virginia Woolf,1928-10-11,Speculative fiction
An Ideal Husband,Oscar Wilde,,
Tuesdays With Morrie,Mitch Albom,1997,"Philosophy, Biography, Inspirational, Biographical novel"
Shardik,Richard Adams,1974,"Science Fiction, Speculative fiction, Fantasy, Fiction"
Wild Swans,Jung Chang,,"Autobiography, Biography, Fiction"
Tin Woodman,David Bischoff,1979-04-01,Science Fiction
The Magic Goes Away,Larry Niven,,Fantasy
Gods and Generals,Jeffrey Shaara,1996,"Fiction, Historical novel"
'Tis: A Memoir,Frank McCourt,2000-08-29,Memoir
Patriot Games,Tom Clancy,,"Thriller, Children's literature, Fiction"
Changing Places,David Lodge,1975,"Speculative fiction, Fiction, Campus novel"
Beneath the Wheel,Hermann Hesse,1906,"Fiction, Novel"
Small World: An Academic Romance,David Lodge,1984,Campus novel
A Lost Lady,Willa Cather,,"Reference, Fiction, Romance novel, Novel"
Sans Famille,,,
No One Writes to the Colonel,Gabriel García Márquez,1961,Novella
Young Goodman Brown,Nathaniel Hawthorne,1835,"Short story, Fiction"
The Life and Adventures of Nicholas Nickleby,Charles Dickens,1838,"Comic novel, Novel"
The Partner,John Grisham,1997,"Mystery, Children's literature, Fiction, Suspense"
Skipping Christmas,John Grisham,2002,"Novel, Fiction, Comedy"
Fevre Dream,George R. R. Martin,1982,"Fantasy, Science Fiction, Speculative fiction, Horror"
The Firm,John Grisham,,"Mystery, Children's literature, Fiction, Suspense"
A Fine Balance,Rohinton Mistry,1995,"Fiction, Historical novel"
The Night Watch,Sergey Lukyanenko,,"Fantasy, Speculative fiction, Horror"
The Cobweb,George Jewsbury,2005,"Science Fiction, Speculative fiction, Fiction"
Interface,Neal Stephenson,1994-04-01,"Thriller, Speculative fiction, Fiction, Novel"
Tipping the Velvet,Sarah Waters,1998,Fiction
Darkover Landfall,Marion Zimmer Bradley,1972,"Science Fiction, Speculative fiction, Fantasy, Fiction"
Stormqueen!,Marion Zimmer Bradley,1978,"Science Fiction, Speculative fiction, Fantasy"
Pompeii,Robert Harris,2003,
The Leaky Establishment,David Langford,,"Science Fiction, Speculative fiction, Fiction"
Pnin,Vladimir Vladimirovich Nabokov,1957,"Fiction, Novel"
Digital Fortress,Dan Brown,1996,"Mystery, Science Fiction, Techno-thriller, Fiction"
Slow River,Nicola Griffith,1995,"Science Fiction, Speculative fiction, Fiction"
Mr. Adam,Pat Frank,,
Artemis Fowl: The Opal Deception,Eoin Colfer,2005-04-30,"Children's literature, Fantasy"
The Paper Chase,"John Jay Osborn, Jr.",,
Prague: A Novel,Arthur Phillips,2002,Historical novel
Cloudstreet,Tim Winton,1991-05,"Fiction, Novel"
The Hollow,Agatha Christie,,"Crime Fiction, Mystery, Fiction, Suspense"
The Shoes of the Fisherman,Morris West,,
Knife of Dreams,Robert Jordan,2005-10-11,"Speculative fiction, Fantasy"
The Great Explosion,Eric Frank Russell,1962,"Science Fiction, Speculative fiction, Novel"
Widowers' Houses,George Bernard Shaw,,
"Over Sea, Under Stone",Susan Cooper,,"Science Fiction, Children's literature, Speculative fiction, Young adult literature"
Dune: The Butlerian Jihad,Brian Herbert,2002-09-17,"Science Fiction, Speculative fiction"
Earth Abides,George R. Stewart,1949,"Science Fiction, Speculative fiction"
Lucifer's Hammer,Larry Niven,1977,"Science Fiction, Apocalyptic and post-apocalyptic fiction, Speculative fiction, Novel"
Dune: The Machine Crusade,Kevin J. Anderson,2003-09-16,"Science Fiction, Speculative fiction"
Casanova's Chinese Restaurant,Anthony Powell,1960,"Satire, Novel"
A Time of Changes,Robert Silverberg,1971,"Science Fiction, Speculative fiction, Fantasy, Fiction"
Downward to the Earth,Robert Silverberg,1970,"Science Fiction, Speculative fiction"
The Ancestor's Tale,Richard Dawkins,2004,
In Death Ground,Steve White,1997-05,"Science Fiction, Speculative fiction"
The Shiva Option,Steve White,,"Science Fiction, Speculative fiction"
"Run Silent, Run Deep","Edward L. Beach, Jr.",,
Holes,Louis Sachar,1998-08-20,"Satire, Children's literature, Young adult literature, Fiction"
The Lost City of the Jedi,Paul Davids,,Science Fiction
The Alchymist's Cat,Robin Jarvis,1991,"Speculative fiction, Fantasy"
The Pillars of Creation,Terry Goodkind,2001-11-20,"Speculative fiction, Fantasy, Fiction, High fantasy"
Memoirs Found in a Bathtub,Stanisław Lem,1971,"Dystopia, Science Fiction, Satire, Social science fiction"
Pursuit of the House-Boat,John Kendrick Bangs,1897,"Fantasy, Fiction"
Pollyanna,Eleanor H. Porter,1913,"Historical fiction, Children's literature, Fiction"
Grantchester Grind,Tom Sharpe,,Fiction
The Trojan Women,Euripides,,
The Dragonbone Chair,Tad Williams,1988-10-25,"Science Fiction, Speculative fiction, Fantasy, Fiction"
Magician,Raymond E. Feist,1982-10,"Science Fiction, Fantasy, Fiction"
The Cruel Sea,Nicholas Monsarrat,1951,"Fiction, Novel"
Iphigeneia at Aulis,Euripides,,
Woyzeck,Georg Büchner,,
Iphigeneia in Tauris,Euripides,,
The Carpet People,Terry Pratchett,,"Science Fiction, Children's literature, Fantasy, Speculative fiction"
The World Inside,Robert Silverberg,1971,"Science Fiction, Speculative fiction, Fiction, Dystopia"
The Uplift War,David Brin,1987,"Science Fiction, Speculative fiction, Fiction, Novel"
The Female Man,Joanna Russ,1975,"Science Fiction, Novel, Speculative fiction, Fantasy"
Children of Gebelawi,Naguib Mahfouz,,Novel
Demi-Gods and Semi-Devils,Louis Cha,1963-09-03,Wuxia
My Ishmael,Daniel Quinn,1997-12,"Fantasy, Fiction, Novel"
Beggars in Spain,Nancy Kress,1993,"Hard science fiction, Science Fiction, Speculative fiction, Fiction"
Cities of the Red Night,William S. Burroughs,1981,"Speculative fiction, Novel"
Dune: The Battle of Corrin,Kevin J. Anderson,2004-08-17,"Science Fiction, Speculative fiction"
Dandelion Wine,Ray Bradbury,1957,"Science Fiction, Novel, Speculative fiction, Fantasy"
Generation Warriors,Anne McCaffrey,1991-03,"Science Fiction, Children's literature, Fantasy, Speculative fiction"
Volpone,Ben Jonson,1606,
The Chocolate War,Robert Cormier,1974,"Children's literature, Young adult literature, Speculative fiction, Fiction"
SilverFin,Charlie Higson,2005-03-03,Spy fiction
The Night of the Iguana,Tennessee Williams,,
The Polar Express,Chris Van Allsburg,,"Picture book, Children's literature, Fiction"
"Bless Me, Ultima",Rudolfo Anaya,1972,
The Gemini Contenders,Robert Ludlum,1976,"Crime Fiction, Fiction, Suspense"
The Greek Passion,Nikos Kazantzakis,,
Amaya o los vascos en el siglo VIII,,,Historical novel
The Food of the Gods and How It Came to Earth,H. G. Wells,1904,"Science Fiction, Speculative fiction, Romance novel, Scientific romance"
Under the Greenwood Tree,Thomas Hardy,1872,
Desperate Remedies,Thomas Hardy,1871,Novel
A Pair of Blue Eyes,Thomas Hardy,1873,Novel
The Hand of Ethelberta,Thomas Hardy,,Novel
The Return of the Native,Thomas Hardy,1878,
Wise Blood,Flannery O'Connor,1952-05-15,Novel
The World of Suzie Wong,Richard Mason,1957,"Fiction, Novel"
Riders of the Purple Sage,Zane Grey,,"Western, Fiction"
Dragondrums,Anne McCaffrey,1979-03,"Science Fiction, Children's literature, Speculative fiction, Young adult literature"
Virtual Light,William Gibson,1994-10-06,"Cyberpunk, Science Fiction, Utopian and dystopian fiction"
Idoru,William Gibson,1997-09-04,"Cyberpunk, Science Fiction, Speculative fiction, Utopian and dystopian fiction"
Blackwood Farm,Anne Rice,2002-10-29,"Speculative fiction, Horror, Fiction, Romance novel"
Evil Under the Sun,Agatha Christie,,"Crime Fiction, Detective fiction, Children's literature, Mystery"
Horse Under Water,Len Deighton,,
The Neutronium Alchemist,Peter F. Hamilton,1997-10-20,"Science Fiction, Speculative fiction, Fantasy, Novel"
The Naked God,Peter F. Hamilton,1999-10-08,"Science Fiction, Speculative fiction, Fiction, Novel"
Airframe,Michael Crichton,1996,"Science Fiction, Novel"
Eastward Hoe,John Marston,1605,
Evelina,Fanny Burney,1778,"Fiction, Novel"
The Gulf War Did Not Take Place,Jean Baudrillard,,Sociology
Sputnik Sweetheart,Haruki Murakami,1999,"Speculative fiction, Fiction, Novel"
"Houston, Houston, Do You Read?","James Tiptree, Jr",1976-05,
My Friend Flicka,Mary O'Hara,1941,"Young adult literature, Novel"
A Planet Called Treason,Orson Scott Card,,"Science Fiction, Speculative fiction"
The Guide,R. K. Narayan,,Fiction
The Soul of a New Machine,Tracy Kidder,1981-07,"Mathematics, Science"
The Last Hurrah,Edwin O'Connor,1956,"Biography, Fiction, Novel"
Six Characters in Search of an Author,Luigi Pirandello,,
Monstrous Regiment,Terry Pratchett,2003,"Speculative fiction, Fantasy, Fiction"
The Plot Against America,Philip Roth,2004-09,Fiction
Mary Poppins Opens the Door,P. L. Travers,1943,Children's literature
Eden,Stanisław Lem,1959,"Science Fiction, Speculative fiction"
Ringworld's Children,Larry Niven,2004,"Science Fiction, Speculative fiction, Novel"
Imajica,Clive Barker,1991,"Speculative fiction, Fantasy"
The Man with the Twisted Lip,Arthur Conan Doyle,,
The Adventure of the Blue Carbuncle,Arthur Conan Doyle,1892,"Mystery, Fiction"
The Adventure of the Speckled Band,Arthur Conan Doyle,,
Comanche Moon,Larry McMurtry,1997,"Western, Children's literature, Fiction"
Coldheart Canyon,Clive Barker,2001,"Speculative fiction, Horror"
Tarzan of the Apes,Edgar Rice Burroughs,1914,"Science Fiction, Children's literature, Adventure novel, Speculative fiction"
Zoot Suit,Luis Valdez,,
The Dark Tower,Stephen King,2004-09-21,"Science Fiction, Horror, Western fiction, Speculative fiction"
The Andalite Chronicles,K. A. Applegate,1997-12,"Science Fiction, Speculative fiction, Novel"
Deception Point,Dan Brown,2001,"Thriller, Techno-thriller, Speculative fiction, Science Fiction"
Love in the Time of Cholera,Gabriel García Márquez,1985,Novel
Gai-Jin,James Clavell,1993-06,"Historical fiction, Fiction, Novel"
Ammonite,Nicola Griffith,1992-12-23,"Science Fiction, Speculative fiction"
Rite of Passage,Alexei Panshin,1968,"Science Fiction, Speculative fiction, Fiction, Novel"
The Best and the Brightest,David Halberstam,,Speculative fiction
Thrilling Cities,Ian Fleming,1963,Travel literature
Fungus the Bogeyman,Raymond Briggs,1977,"Children's literature, Fiction"
Up the Down Staircase,Bel Kaufman,1965,Novel
The Killers,Ernest Hemingway,1927,
A Summons to Memphis,Peter Taylor,1986,Novel
"The Monster at the End of This Book: Starring Lovable, Furry Old Grover",,1971,Children's literature
Coma,Robin Cook,,"Thriller, Speculative fiction, Horror, Fiction"
The Spirit of St. Louis,Charles Lindbergh,1953-09-14,"History, Autobiography"
Kaffir Boy,Mark Mathabane,1986,Autobiography
Farewell to Manzanar,James D. Houston,1972,"Autobiography, Biography, Children's literature, Non-fiction"
A Princess of Mars,Edgar Rice Burroughs,1917,"Science Fiction, Children's literature, Planetary romance, Sword and planet"
Faceless Killers: A Mystery,Henning Mankell,1997,"Crime Fiction, Mystery, Novel, Fiction"
He Who Whispers,John Dickson Carr,1946,"Mystery, Detective fiction"
The Crooked Hinge,John Dickson Carr,1938,"Mystery, Detective fiction, Novel, Fiction"
Blood Canticle,Anne Rice,2003-10-28,"Speculative fiction, Horror, Fiction"
"Much Obliged, Jeeves",P. G. Wodehouse,1971-10-15,Fiction
The Religion War,Scott Adams,,"Science Fiction, Speculative fiction"
The Planiverse,,,Science Fiction
Earthly Powers,Anthony Burgess,1980,"Speculative fiction, Historical novel"
Coriolanus,William Shakespeare,,
The Knight of the Burning Pestle,,,
Sanctuary,William Faulkner,1931,Fiction
Hotel,Arthur Hailey,,Fiction
Nightshade,Jack Butler,1989,Science Fiction
A Man in Full,Tom Wolfe,1998-11-12,"Fiction, Novel"
The Blackwater Lightship,Colm Tóibín,,Novel
Forbidden Love,,,
Jonathan Strange & Mr Norrell,Susanna Clarke,2004-09-08,"Alternate history, Speculative fiction, Fantasy, Historical novel"
The Last Don,Mario Puzo,,"Fiction, Suspense"
Venice Preserv'd,Thomas Otway,,
Doon,Ellis Weiner,1984-11,"Parody, Science Fiction, Speculative fiction"
I Am the Cheese,Robert Cormier,,"Mystery, Children's literature, Young adult literature, Speculative fiction"
My Name is Legion,Roger Zelazny,,"Science Fiction, Short story"
Carpathian Castle,Jules Verne,1892,"Science Fiction, Horror, Novel"
He Died With A Felafel In His Hand,John Birmingham,1994,"Biographical novel, Comic novel"
Count Karlstein,Philip Pullman,,"Speculative fiction, Children's literature, Fiction"
Leucippe and Clitophon,Achilles Tatius,,
Daphnis and Chloe,Longus,,
Autumn Visits,Sergey Lukyanenko,,Science Fiction
Black Sun,Edward Abbey,1971,"Western, Fiction, Romance novel"
The Sleepwalkers,Arthur Koestler,,
3 Maccabees,,,
4 Maccabees,,,
A Laodicean,Thomas Hardy,,
Two on a Tower,Thomas Hardy,1882,Novel
The Woodlanders,Thomas Hardy,1887,
1 Esdras,,,
The Third Policeman,Flann O'Brien,1967,"Mystery, Comic novel, Speculative fiction, Fiction"
Under the Banner of Heaven: A Story of Violent Faith,Jon Krakauer,2003,Non-fiction
West of Eden,Harry Harrison,1984,"Science Fiction, Novel, Alternate history, Speculative fiction"
On a Pale Horse,Piers Anthony,1983,"Fantasy, Novel"
The Burning Bed,Faith McNulty,,
The Stars Shine Down,Sidney Sheldon,1992-10,"Thriller, Fiction, Romance novel, Novel"
Dombey and Son,Charles Dickens,1848,Novel
The Forty Days of Musa Dagh,Franz Werfel,1933,"Historical fiction, Fiction, War novel, Historical novel"
Mrs. Frisby and the Rats of NIMH,Robert C. O'Brien,1971,"Science Fiction, Children's literature, Fantasy, Speculative fiction"
Vathek,William Thomas Beckford,,"Gothic fiction, Speculative fiction, Fantasy"
Requiem for a Dream,"Hubert Selby, Jr.",1978,Fiction
On The Black Hill,Bruce Chatwin,1982,Novel
Travels With Charley: In Search of America,John Steinbeck,1962,Travel literature
Imzadi,,1992-08-01,"Chivalric romance, Science Fiction, Romance novel"
Spring Snow,Yukio Mishima,1966,"Fiction, Novel"
The Sigma Protocol,Robert Ludlum,2001-10-30,Thriller
The Keepers of the House,Shirley Ann Grau,,"Fiction, Novel"
Half Past Human,T. J. Bass,1971,"Science Fiction, Speculative fiction, Novel"
L'Atlantide,Pierre Benoit,1920,Fantasy
Strandloper,Alan Garner,1996-05,Historical novel
The Canary Murder Case,S. S. Van Dine,,"Mystery, Detective fiction, Fiction, Suspense"
The Bishop Murder Case,S. S. Van Dine,,"Mystery, Novel, Fiction, Suspense"
The Kidnap Murder Case,S. S. Van Dine,,"Mystery, Detective fiction"
Bouvard et Pécuchet,Gustave Flaubert,1881,Novel
Advise and Consent: A Novel of Washington Politics,Allen Drury,1959-07-11,"Fiction, Novel"
Two Concepts of Liberty,Isaiah Berlin,,
The Last of the Really Great Whangdoodles,Julie Andrews,1974,"Speculative fiction, Fantasy, Children's literature"
Tribes of Redwall Otters,Brian Jacques,2002,"Speculative fiction, Fantasy, Fiction"
'Art',Yasmina Reza,,
The Old Man of Lochnagar,,,
The Royal Family,Edna Ferber,,
The Line of Beauty,Alan Hollinghurst,2004,"Gay Themed, LGBT literature, Gay novel, Fiction"
The Smoke Ring,Larry Niven,1987,"Science Fiction, Speculative fiction, Fiction, Novel"
Stars in My Pocket Like Grains of Sand,Samuel R. Delany,1984,"Science Fiction, Speculative fiction"
Valley of the Squinting Windows,Brinsley MacNamara,1918,"Fiction, Novel"
Stone of Tears,Terry Goodkind,1995-09-15,"Science Fiction, Speculative fiction, Fantasy, Fiction"
A Wind in the Door,Madeleine L'Engle,1973-01-01,"Science Fiction, Children's literature, Speculative fiction, Young adult literature"
The Long Patrol,Brian Jacques,1997,"Children's literature, Fantasy, Speculative fiction, Fiction"
Netherland,Joseph O'Neill,2008-05,Fiction
The Gadget Maker,,,
Orley Farm,Anthony Trollope,1861,"Fiction, Romance novel"
The Big Time,Fritz Leiber,,"Science Fiction, Speculative fiction, Fiction, War novel"
The Last Juror,John Grisham,2004,"Mystery, Novel, Suspense"
Harpist in the Wind,Patricia A. McKillip,1979,"Science Fiction, Children's literature, Fantasy, Speculative fiction"
Islandia,Austin Tappan Wright,1942,
Gardens of the Moon,Steven Erikson,1999-04-01,"Science Fiction, Speculative fiction, Fantasy, Fiction"
General Prologue,Geoffrey Chaucer,,
Schismatrix,Bruce Sterling,1985-06,"Science Fiction, Speculative fiction"
The City of Ember,Jeanne DuPrau,,"Science Fiction, Children's literature, Speculative fiction, Young adult literature"
Earthworks,Brian Aldiss,1965,"Science Fiction, Speculative fiction"
The Great American Novel,Philip Roth,,"Fiction, Novel"
Heir to the Empire,Timothy Zahn,,"Science Fiction, Speculative fiction, Fiction"
Dark Force Rising,Timothy Zahn,,"Science Fiction, Speculative fiction, Children's literature, Fiction"
The Celestine Prophecy,James Redfield,1993,"Philosophy, Speculative fiction, Inspirational, Fiction"
The Locked Room,Per Wahlöö,1972,Crime Fiction
Castaways of the Flying Dutchman,Brian Jacques,2001,"Speculative fiction, Fantasy"
City of Golden Shadow,Tad Williams,1996-12-05,"Science Fiction, Speculative fiction, Fantasy, Fiction"
"Thuvia, Maid of Mars",Edgar Rice Burroughs,1920,"Science Fiction, Children's literature, Speculative fiction, Mystery"
The Science of Discworld III: Darwin's Watch,,2005,Alternate history
Five Little Pigs,Agatha Christie,,"Crime Fiction, Mystery, Fiction, Suspense"
Seventh Son,Orson Scott Card,1987,"Alternate history, Science Fiction, Speculative fiction, Fantasy"
Rose Madder,Stephen King,,"Speculative fiction, Fantasy"
Rupert of Hentzau,Anthony Hope,,"Romance novel, Fantasy, Fiction, Adventure novel"
Tono-Bungay,H. G. Wells,1909,"Science Fiction, Fiction, Novel"
Eaters of the Dead,Michael Crichton,1976-03,"Speculative fiction, Historical fiction, Fantasy, Fiction"
The Lyre of Orpheus,Robertson Davies,,"Speculative fiction, Fiction"
The Clan of the Cave Bear,Jean M. Auel,,"Speculative fiction, Fantasy, Fiction, Historical novel"
The Assassination of Julius Caesar: A People's History of Ancient Rome,Michael Parenti,,
The Ill-Made Knight,T. H. White,1940,"Speculative fiction, Fantasy"
Boonville,Robert Mailer Anderson,2001-11-01,Fiction
Song of Solomon,Toni Morrison,1977,Fiction
Roadside Picnic,Boris Strugatsky,,Science Fiction
White Teeth,Zadie Smith,2000-01-27,"Fiction, Novel"
My Uncle Oswald,Roald Dahl,1979-10,"Speculative fiction, Fiction, Novel"
Boy's Life,Robert R. McCammon,,"Mystery, Speculative fiction"
Deepwater Black,Ken Catran,,"Science Fiction, Speculative fiction, Fiction"
The Death Ship,B. Traven,,"Fiction, Novel"
The Magic Finger,Roald Dahl,,"Science Fiction, Children's literature, Fantasy, Speculative fiction"
The Twits,Roald Dahl,1980,"Speculative fiction, Children's literature, Fiction"
George's Marvelous Medicine,Roald Dahl,1981,"Speculative fiction, Children's literature"
The Giraffe and the Pelly and Me,Roald Dahl,,"Speculative fiction, Children's literature, Fiction"
Esio Trot,Roald Dahl,1990,"Speculative fiction, Children's literature, Fiction"
The Vicar of Nibbleswicke,Roald Dahl,1991,"Speculative fiction, Children's literature, Fiction"
For Love of the Game,Michael Shaara,,Fiction
The Lions of Al-Rassan,Guy Gavriel Kay,1995-05,"Speculative fiction, Fantasy, Fiction, Historical novel"
An Unsuitable Job for a Woman,P. D. James,,"Mystery, Fiction, Suspense"
Asterix in Britain,,1966,
Beyond Freedom and Dignity,B. F. Skinner,,
Scorpius,John Gardner,1988-06-01,Spy fiction
The Amateur Marriage,Anne Tyler,2004,"Fiction, Novel"
Crabwalk,Günter Grass,2002,Novel
Mossflower,Brian Jacques,1988,"Children's literature, Fantasy, Speculative fiction, Fiction"
Into the Wild,Jon Krakauer,1996,"Travel, Biography, Travel literature, Speculative fiction"
The Celebrated Jumping Frog of Calaveras County,Mark Twain,1867,
Lord Brocktree,Brian Jacques,2000-09-01,"Children's literature, Fantasy, Speculative fiction, Fiction"
Martin the Warrior,Brian Jacques,1993,"Children's literature, Fantasy, Speculative fiction, Fiction"
The True Believer: Thoughts on the Nature of Mass Movements,Eric Hoffer,1951,Non-fiction
Binary,Michael Crichton,1972,"Techno-thriller, Speculative fiction"
Voyage from Yesteryear,James P. Hogan,1982,"Science Fiction, Speculative fiction, Fiction"
Mortal Engines,Philip Reeve,2001,"Science Fiction, Children's literature, Speculative fiction, Young adult literature"
Eyeless in Gaza,Aldous Huxley,1936,"Fiction, Novel"
Payasos en la lavadora,Álex de la Iglesia,1997,"Satire, Novel"
Predator's Gold,Philip Reeve,2003,"Science Fiction, Speculative fiction, Young adult literature, Steampunk"
The Piano Lesson,August Wilson,,
How Far Can You Go?,David Lodge,1980,Novel
Horton Hatches the Egg,Dr. Seuss,1940,
Moonseed,Stephen Baxter,1998-08-03,"Science Fiction, Speculative fiction, Fiction"
The Sickness Unto Death,Søren Kierkegaard,1849,
The Horse's Mouth,Joyce Cary,1944,Fiction
A Game at Chess,Thomas Middleton,,
Odd Thomas,Dean Koontz,2003,"Thriller, Mystery, Speculative fiction, Horror"
Dune: House Atreides,Kevin J. Anderson,1999-10-05,Science Fiction
A House-Boat on the Styx,John Kendrick Bangs,1895,"Fantasy, Speculative fiction, Short story, Fiction"
Hannibal Rising,Thomas Harris,2006-12-05,"Thriller, Crime Fiction, Speculative fiction, Mystery"
The Teeth of the Tiger,Tom Clancy,2003-08-01,"Thriller, Fiction, Novel"
Hero and Leander,Christopher Marlowe,1598,
The Stupidest Angel,Christopher Moore,,"Speculative fiction, Horror, Comic fantasy, Absurdist fiction"
Fantastic Voyage II: Destination Brain,Isaac Asimov,1987,"Science Fiction, Speculative fiction"
Notes on a Scandal,Zoë Heller,,Fiction
Cycle of the Werewolf,Stephen King,,"Gothic fiction, Children's literature, Horror, Speculative fiction"
The Kreutzer Sonata,Leo Tolstoy,1889,"Novel, Romance novel, Historical novel"
Knight Templar,Leslie Charteris,1930,"Mystery, Novel, Fiction, Suspense"
The 10% Solution for a Healthy Life,Raymond Kurzweil,1993-01,
The Dream-Quest of Unknown Kadath,H. P. Lovecraft,1943,"Fantasy, Science Fiction, Speculative fiction, Horror"
The Man Who Planted Trees,Jean Giono,1953,
Cloak of Deception,James Luceno,,"Science Fiction, Speculative fiction, Fiction"
Black House,Stephen King,2001-09-15,"Thriller, Horror, Speculative fiction, Mystery"
Bodas de sangre,Federico García Lorca,,
Yerma,Federico García Lorca,,
Eye for Eye,Orson Scott Card,,"Science Fiction, Speculative fiction, Horror, Fiction"
Woman in the Dunes,Kobo Abe,,
Monsignor Quixote,Graham Greene,1982-09-27,"Comic novel, Speculative fiction, Fiction, Comedy"
The Ghost Writer,Philip Roth,1979,"Speculative fiction, Fiction, Novel"
Politics,Adam Thirlwell,2003-08-28,"Fiction, Novel"
The Phoenix and the Carpet,E. Nesbit,1904,"Children's literature, Fantasy, Speculative fiction, Fiction"
The Basic Eight,Daniel Handler,1998-04,Fiction
Mowgli's Brothers,Rudyard Kipling,,
Not This August,Cyril M. Kornbluth,1955,"Science Fiction, Speculative fiction"
The Cold Equations,,,
The Warlock of Firetop Mountain,Ian Livingstone,1982,Gamebook
Armageddon 2419 A.D.,Philip Francis Nowlan,,Speculative fiction
Doctor Glas,Hjalmar Söderberg,1905,"Thriller, Romance novel"
A Dog of Flanders,Ouida,,"Drama, Fiction, Adventure novel"
The General in His Labyrinth,Gabriel García Márquez,1989,"History, Historical novel"
Birdsong,Sebastian Faulks,,"Historical fiction, Fiction, War novel"
A Little Princess,Frances Hodgson Burnett,,"Speculative fiction, Children's literature, Fiction"
True History of the Kelly Gang,Peter Carey,2000,"Crime Fiction, Novel, Fiction, Historical novel"
Night of January 16th,Ayn Rand,,Ergodic literature
White Noise,Don DeLillo,1985-01-21,"Novel, Postmodernism, Speculative fiction, Fiction"
The Elementary Particles,Michel Houellebecq,2000,Fiction
The Man Who Japed,Philip K. Dick,1956,"Science Fiction, Speculative fiction, Dystopia"
The Spire,William Golding,1964-12,"Speculative fiction, Children's literature, Fiction, Novel"
Warchild,Karin Lowachee,2002-04-01,"Science Fiction, Speculative fiction, Novel"
Lucky Wander Boy,D. B. Weiss,2003-02,"Speculative fiction, Novel"
The Sykaos Papers,E. P. Thompson,,"Science Fiction, Speculative fiction"
Snow Country,Yasunari Kawabata,1935,Novel
The Valley of Fear,Arthur Conan Doyle,1915,"Detective fiction, Locked room mystery"
Past Mortem,Ben Elton,2004,"Crime Fiction, Mystery, Fiction, Suspense"
And Quiet Flows the Don,Michail Aleksandrovich Sholokhov,1934,Novel
Six Days of the Condor,James Grady,,Thriller
The Black Cauldron,Lloyd Alexander,1965-06,"Speculative fiction, Fantasy, Children's literature"
Civil Disobedience,Henry David Thoreau,,"Fiction, Sociology"
Whirlwind,James Clavell,1986,"Speculative fiction, Fiction, Historical novel"
The Magician,W. Somerset Maugham,1908,"Speculative fiction, Fantasy, Fiction"
Silas Marner,George Eliot,1861-04,"Speculative fiction, Children's literature, Fiction, Novel"
Gorgias,Plato,,
"Not a Penny More, Not a Penny Less",Jeffrey Archer,1976,Fiction
The Man Who Never Was,Ewen Montagu,1954,
La Cousine Bette,Honoré de Balzac,1846,Novel
I Am Charlotte Simmons,Tom Wolfe,2004,Fiction
Akhenaten: Son of the Sun,Moyra Caldecott,1986-06-12,"History, Speculative fiction"
First Love,Ivan Turgenev,1860-12,Novel
Hatshepsut: Daughter of Amun,Moyra Caldecott,1989-06,Historical novel
The Natural,Bernard Malamud,1952,"Fiction, Novel"
Story Time,Edward Bloor,2001,"Satire, Speculative fiction, Novel"
A Patchwork Planet,Anne Tyler,1998,"Fiction, Novel"
The Circus of Dr. Lao,Charles G. Finney,,"Speculative fiction, Fantasy, Fiction"
Doubt: A Parable,John Patrick Shanley,2004,
The Hidden Curriculum,,,
The Fist of God,Frederick Forsyth,1994,"Thriller, Fiction, Novel"
The Walrus and the Carpenter,Lewis Carroll,1871-12,
Taltos,Anne Rice,1993-09-19,"Science Fiction, Children's literature, Horror, Speculative fiction"
Naked Empire,Terry Goodkind,2003-07,"Speculative fiction, Fantasy, Fiction, High fantasy"
The Pillars of the Earth,Ken Follett,1989,"Historical fiction, Fiction, Suspense, Historical novel"
Blood of the Fold,Terry Goodkind,1996-10-15,"Science Fiction, Speculative fiction, Fantasy, Fiction"
Temple of the Winds,Terry Goodkind,1997-09-15,"Science Fiction, Speculative fiction, Fantasy, Fiction"
Soul of the Fire,Terry Goodkind,1999-03-15,"Science Fiction, Speculative fiction, Fantasy, Fiction"
The Professor,Charlotte Brontë,1857,Speculative fiction
The House of the Spirits,Isabel Allende,1982,"Autobiographical novel, Science Fiction, Fantasy, Fiction"
Mirette on the High Wire,Emily Arnold McCully,,"Picture book, Children's literature, Fiction"
The Five People You Meet in Heaven,Mitch Albom,2003-09-25,"Philosophy, Novel, Fiction, Inspirational"
Shantaram,Gregory David Roberts,2003,"Novel, Biography, True crime, Fiction"
Roots: The Saga of an American Family,Alex Haley,1976-08-17,"Autobiographical novel, Autobiography, Biography, Novel"
King Rat,James Clavell,1962,"Historical fiction, Fiction, War novel, Historical novel"
To Your Scattered Bodies Go,Philip José Farmer,1971-06,"Science Fiction, Speculative fiction"
The Fabulous Riverboat,Philip José Farmer,1971,"Science Fiction, Speculative fiction"
The Dark Design,Philip José Farmer,1977,"Science Fiction, Speculative fiction, Novel"
The Guns of the South,Harry Turtledove,1992-09-22,"Science Fiction, Speculative fiction, Alternate history, Historical fiction"
The Winter of Our Discontent,John Steinbeck,1961,Novel
Ecce Romani,,2000-01,
Le Grand Meaulnes,Alain-Fournier,1913,
Bear Island,Alistair MacLean,1971,"Thriller, Novel"
Last Son of Krypton,Elliot S! Maggin,,"Science Fiction, Speculative fiction"
Miracle Monday,,,
Enchantment,Orson Scott Card,1999,"Science Fiction, Speculative fiction, Fantasy, Fiction"
Roadwork,Stephen King,,"Speculative fiction, Novel"
The Sum of Our Discontent,,,
Edward II,Christopher Marlowe,1593,
La Galatea,Miguel de Cervantes,1585,Fiction
Anandamath,Bankim Chandra Chattopadhyay,1882,Novel
Pandora,Anne Rice,1998-03-02,"Children's literature, Horror, Speculative fiction, Fiction"
Unidentified Human Remains and the True Nature of Love,Brad Fraser,,
Lest Darkness Fall,L. Sprague de Camp,1941,"Alternate history, Science Fiction, Speculative fiction, Fiction"
The Feminine Mystique,Betty Friedan,1963,Non-fiction
The Adventurer,,,
The Pyramid,Ismail Kadare,1996-02-01,"Fiction, Novel"
The Golden Master,Walter B. Gibson,1939-09,Adventure novel
"Judas, My Brother",Frank Yerby,1968,"Fiction, Historical novel"
I Know Why the Caged Bird Sings,Maya Angelou,1969,"Autobiography, Biography"
The Flight of the Phoenix,Elleston Trevor,1964,"Mystery, Novel, Fiction, Suspense"
Hatchet,Gary Paulsen,1987-09-30,"Children's literature, Young adult literature, Fiction"
El filibusterismo,José Rizal,1891,Novel
Armor,John Steakley,1984-12-04,"Science Fiction, Speculative fiction, Fiction"
The Card,Arnold Bennett,1911,"Comedy, Fiction"
The Brethren,John Grisham,2000,"Thriller, Fiction, Suspense"
Where The Wild Things Are,Maurice Sendak,1963,"Picture book, Children's literature, Fantasy, Speculative fiction"
These Old Shades,Georgette Heyer,1926,"Mystery, Fiction, Romance novel"
Up From Slavery,Booker T. Washington,,
Ripley Under Ground,Patricia Highsmith,1970-06,"Crime Fiction, Mystery, Fiction, Suspense"
Incidents in the Life of a Slave Girl,Harriet Ann Jacobs,1861,
"Narrative of the Life of Frederick Douglass, an American Slave",Frederick Douglass,1845,Autobiography
Iron Sunrise,Charles Stross,2004,"Science Fiction, Speculative fiction, Novel"
The Terminal Man,Michael Crichton,1972-04-12,"Science Fiction, Speculative fiction, Fantasy, Fiction"
The Wolf's Hour,Robert R. McCammon,1989-10-12,"Speculative fiction, Horror, War novel"
Settling Accounts: Drive to the East,Harry Turtledove,2005-08,"Alternate history, Science Fiction"
Settling Accounts: Return Engagement,Harry Turtledove,2004-08,"Alternate history, Science Fiction"
The Skin of Our Teeth,Thornton Wilder,,
The Weapon Shops of Isher,A. E. van Vogt,1951,"Science Fiction, Speculative fiction, Fiction, Novel"
Three Essays on the Theory of Sexuality,Sigmund Freud,1905,
Closer,Patrick Marber,,
Wise Children,Angela Carter,,"Fiction, Magic realism"
The Pioneers,James Fenimore Cooper,1823,Historical novel
Wicked: The Life and Times of the Wicked Witch of the West,Gregory Maguire,1995,"Speculative fiction, Fantasy, Fiction, Parallel novel"
Hocus Pocus,Kurt Vonnegut,1990,"Science Fiction, Speculative fiction, Fiction, Novel"
Deadeye Dick,Kurt Vonnegut,1982,"Speculative fiction, Novel"
The Fox,D. H. Lawrence,,Children's literature
Dream Story,Arthur Schnitzler,,"Fiction, Novel"
A Mathematician's Apology,G. H. Hardy,,
A New Way to Pay Old Debts,Philip Massinger,,
Fathers and Sons,Ivan Turgenev,1862-02,"Politics, Fiction, Philosophy"
Zero Minus Ten,Raymond Benson,1997-04-03,"Spy fiction, Fiction"
Demon City Shinjuku,Hideyuki Kikuchi,,
The Fabric of the Cosmos,Brian Greene,2004,Non-fiction
A Million Open Doors,John Barnes,1992,"Science Fiction, Speculative fiction, Fiction"
Letters on the English,Voltaire,,Essay
James Bond: The Authorised Biography of 007,John Pearson,1973,Spy fiction
Colonel Sun,Kingsley Amis,1968-03,"Mystery, Spy fiction, Fiction, Suspense"
Phantastes,George MacDonald,,"Speculative fiction, Fantasy"
The Unknown Shore,Donald Malcolm,1959,"Speculative fiction, Fiction, Historical novel"
The Simultaneous Man,,,"Science Fiction, Dystopia"
The Grandmother,,,
"Rich Man, Poor Man",Irwin Shaw,,Novel
Dinosaur Planet,Anne McCaffrey,1978,"Science Fiction, Speculative fiction, Children's literature, Novel"
The Night Land,William Hope Hodgson,1912,"Science Fiction, Speculative fiction, Fantasy, Fiction"
Coyote,Allen Steele,,Science Fiction
State of Fear,Michael Crichton,2004-12-07,"Science Fiction, Techno-thriller, Utopian and dystopian fiction, Fiction"
Rushing to Paradise,J. G. Ballard,1994,"Speculative fiction, Fantasy, Fiction, Novel"
Blood of Elves,Andrzej Sapkowski,1994,"Speculative fiction, Fantasy"
Rebecca,Daphne du Maurier,1938,"Gothic fiction, Mystery, Crime Fiction, Romance novel"
Everyone Poops,Taro Gomi,1993,Children's literature
The Dancing Girl of Izu,Yasunari Kawabata,1926,
Religion Explained,Pascal Boyer,2001,"Psychology, Science"
Stone of Farewell,Tad Williams,1990-08,"Speculative fiction, Fantasy, Fiction"
To Green Angel Tower,Tad Williams,1993-03,"Speculative fiction, Fantasy"
The Diamond Smugglers,Ian Fleming,1957,Non-fiction
The Clerk's Prologue and Tale,Geoffrey Chaucer,,Morality play
Daisy Miller,Henry James,,Novella
Ada or Ardor: A Family Chronicle,Vladimir Vladimirovich Nabokov,,"Alternate history, Science Fiction, Speculative fiction"
Idlewild,Nick Sagan,2003,"Science Fiction, Speculative fiction, Fiction"
Beautiful Losers,Leonard Cohen,1966,Fiction
No Crystal Stair,Mairuth Sarsfield,,Fiction
1975 in Prophecy!,,,
Sula,Toni Morrison,1973-11,"Children's literature, Fiction, Novel"
Beloved,Toni Morrison,1987-01,"Novel, Children's literature, Historical fiction, Speculative fiction"
The Peace War,Vernor Vinge,1984,"Science Fiction, Speculative fiction, Novel"
Marooned in Realtime,Vernor Vinge,1986,"Science Fiction, Speculative fiction, Detective fiction, Fiction"
Haroun and the Sea of Stories,Salman Rushdie,1990-09-27,"Speculative fiction, Fiction, Magic realism, Novel"
Ill Met by Moonlight,W. Stanley Moss,1950,War novel
Licence Renewed,John Gardner,1981,Spy fiction
Une histoire américaine,,,
For Special Services,John Gardner,1982-09,Spy fiction
Carl's Afternoon in the Park,,,
Icebreaker,John Gardner,1983-07-07,Spy fiction
Role of Honour,John Gardner,1984,Spy fiction
Nobody Lives For Ever,John Gardner,1986-06-26,Spy fiction
"No Deals, Mr. Bond",John Gardner,1987-05-21,Spy fiction
Voyage of the Damned,Gordon Thomas,,
"Win, Lose or Die",John Gardner,1989,Spy fiction
Brokenclaw,John Gardner,1990-07,Spy fiction
The Man from Barbarossa,John Gardner,1991,Spy fiction
Death is Forever,John Gardner,1992,Spy fiction
Never Send Flowers,John Gardner,1993-07-15,Spy fiction
SeaFire,John Gardner,1994-08,Spy fiction
COLD,John Gardner,1996-05-02,Spy fiction
The Facts of Death,Raymond Benson,,"Spy fiction, Fiction"
High Time to Kill,Raymond Benson,1999-05-06,"Mystery, Spy fiction, Fiction, Suspense"
Doubleshot,Raymond Benson,2000-05-04,"Spy fiction, Fiction, Suspense"
Never Dream of Dying,Raymond Benson,2001,"Spy fiction, Fiction"
The Man with the Red Tattoo,Raymond Benson,2002-05-02,Spy fiction
Facundo,Domingo Faustino Sarmiento,1845,
The Silencers,Donald Hamilton,1962,"Spy fiction, Novel"
The Ambushers,Donald Hamilton,1963,Spy fiction
Crusade in Jeans,Thea Beckman,1973,"History, Children's literature, Fantasy, Novel"
Smilla's Sense of Snow,Peter Høeg,1992,"Crime Fiction, Speculative fiction"
A View from the Bridge,Arthur Miller,,
Quiet as a Nun,,,"Thriller, Crime Fiction"
The Chimes,Charles Dickens,1844,Novella
The Cricket on the Hearth,Charles Dickens,1845,Novella
"""A"" is for Alibi",Sue Grafton,1982-04-15,"Mystery, Speculative fiction, Fiction, Suspense"
Phaedo,Plato,,
Michael Strogoff,Jules Verne,1876,"Children's literature, Novel, Adventure novel, Speculative fiction"
Thérèse Raquin,Émile Zola,1867,"Psychology, Psychological novel"
Les Rois Maudits,,,
Kaleidoscope Century,John Barnes,,"Science Fiction, Speculative fiction, Fiction"
Persian Letters,"Charles de Secondat, baron de Montesquieu",1721,
Bonjour Tristesse,Françoise Sagan,1954,Novel
Return to Peyton Place,Grace Metalious,1959,Fiction
Eastern Standard Tribe,Cory Doctorow,2004-03-01,"Science Fiction, Speculative fiction"
The Gold Bug Variations,Richard Powers,1991-08-01,"Speculative fiction, Fiction, Novel"
The Golem,Gustav Meyrink,1914,
Storm of Steel,Ernst Jünger,1920,Memoir
Timeline,Michael Crichton,1999-11,"Science Fiction, Fiction, Suspense"
Time in Advance,William Tenn,1958-06,Science Fiction
Danse Macabre,Stephen King,,"Horror, Non-fiction"
Practical Demonkeeping,Christopher Moore,,"Speculative fiction, Fiction, Comic fantasy, Absurdist fiction"
The Return of the Condor Heroes,Louis Cha,1959-05-20,"Wuxia, Romance novel"
Where the Red Fern Grows,Wilson Rawls,,"Children's literature, Fiction"
"Metamora; or, The Last of the Wampanoags",John Augustus Stone,,
The Sovereign State of ITT,,,
Tortilla Flat,John Steinbeck,1935,"Fiction, Novel"
Un dimanche à la piscine à Kigali,Gil Courtemanche,,
Celebrated Cases of Judge Dee,,,"Mystery, Detective fiction"
Destination Moon,Hergé,1953,
Racists,Kunal Basu,,Fiction
Ghostwritten,David Mitchell,1999-08-19,Novel
Endymion,"Benjamin Disraeli, 1st Earl of Beaconsfield",1880,Novel
Puerto Vallarta Squeeze,Robert James Waller,,Fiction
Mary Barton,Elizabeth Gaskell,1948,"Mystery, Industrial novel, Fiction"
"Love in Excess; Or, The Fatal Enquiry",Eliza Haywood,,
The Gift,Vladimir Vladimirovich Nabokov,,
Triss,Brian Jacques,2002,"Children's literature, Fantasy, Speculative fiction, Fiction"
Watch Your Mouth,Daniel Handler,2000-07,"Comedy, Novel"
Blinded by the Right,David Brock,2002,Non-fiction
The Republican Noise Machine,David Brock,2004-05-18,
Prochain épisode,Hubert Aquin,,
Visa for Avalon,Bryher,,
Something Wicked This Way Comes,Ray Bradbury,,"Fantasy, Speculative fiction, Horror, Soft science fiction"
Century Rain,Alastair Reynolds,2004,"Alternate history, Science Fiction, Speculative fiction, Fiction"
The Way of the Wiseguy,Joseph D. Pistone,,True crime
The Eyes of Heisenberg,Frank Herbert,1966,"Science Fiction, Speculative fiction"
Families and How To Survive Them,John Cleese,,
Popcorn,Ben Elton,1996-08-05,"Satire, Fiction, Novel"
Doomsday Book,Connie Willis,1992,"Time travel, Speculative fiction, Science Fiction, Novel"
This Sweet Sickness,Patricia Highsmith,1961,"Mystery, Novel, Fiction, Suspense"
The Green Brain,Frank Herbert,1966,"Science Fiction, Speculative fiction, Fiction"
The Adventures of Peregrine Pickle,Tobias Smollett,1751,"Novel, Picaresque novel"
True Women,Janice Woods Windle,,
Bhowani Junction,John Masters,,
Fences,August Wilson,,
The Adventure of the Dancing Men,Arthur Conan Doyle,,
His Last Bow,Arthur Conan Doyle,,
Amazing Rain,,,
The Long Ships,Frans Gunnar Bengtsson,,
Up at the Villa,W. Somerset Maugham,,Fiction
The Taggerung,Brian Jacques,2001,"Children's literature, Fantasy, Speculative fiction, Fiction"
Marlfox,Brian Jacques,1998,"Children's literature, Fantasy, Speculative fiction, Fiction"
Mattimeo,Brian Jacques,1989,"Children's literature, Fantasy, Speculative fiction, Fiction"
A Night in the Lonesome October,Roger Zelazny,1993,"Speculative fiction, Novel"
Mao II,Don DeLillo,1991-06-20,"Speculative fiction, Fiction, Novel"
Journey's End,R. C. Sherriff,,
Green Hills of Africa,Ernest Hemingway,1935,"Travel, Biography, Travel literature, Non-fiction"
Ben-Hur: A Tale of the Christ,Lew Wallace,1880-11-12,"Historical novel, Children's literature, Historical fiction, Speculative fiction"
All American Girl,Meg Cabot,2002,"Children's literature, Young adult literature, Fiction"
The Great and Secret Show,Clive Barker,1990-01,"Speculative fiction, Fantasy"
Weaveworld,Clive Barker,1987,"Speculative fiction, Fantasy, Dark fantasy"
Mariel of Redwall,Brian Jacques,1991,"Children's literature, Fantasy, Speculative fiction, Fiction"
"Author, Author",David Lodge,2004-10-07,Fiction
The Saint in New York,Leslie Charteris,1935,"Mystery, Fiction, Suspense"
Balzac and the Little Chinese Seamstress,Dai Sijie,2000,"Autobiographical novel, Historical novel"
The Pearls of Lutra,Brian Jacques,1996,"Children's literature, Fantasy, Speculative fiction, Fiction"
Laws,Plato,,Philosophy
The Vampyre,John Polidori,1819-04-01,"Mystery, Horror, Fiction, Suspense"
The Figure in the Carpet,Henry James,,
Boy in Darkness,Mervyn Peake,1956,"Speculative fiction, Horror"
Brimstone,Douglas Preston,2004,"Thriller, Crime Fiction, Techno-thriller, Speculative fiction"
Affirmative Action Around the World,Thomas Sowell,2004,Economics
Ellen Foster,Kaye Gibbons,,"Biography, Fiction, Novel"
Gormenghast,Mervyn Peake,1950,"Gothic fiction, Fantasy of manners, Speculative fiction, Fantasy"
Titus Alone,Mervyn Peake,1959,"Gothic fiction, Speculative fiction, Fantasy"
The Folding Star,Alan Hollinghurst,1994,Novel
The Swimming Pool Library,Alan Hollinghurst,1988-08-12,Fiction
A Tree Grows In Brooklyn,Betty Smith,1943,"Fiction, Novel"
Beau Geste,P. C. Wren,1924,"Foreign legion, Adventure novel"
Das siebte Kreuz,Anna Seghers,1942-09,
The Mysteries of Pittsburgh,Michael Chabon,1988-04,"Fiction, Novel"
The Big Sky,"Alfred Bertram Guthrie, Jr.",1947,Western fiction
The Reivers,William Faulkner,1962,"Fiction, Novel"
The Way We Live Now,Anthony Trollope,1875,"Serial, Satire, Fiction, Social commentary"
The Box of Delights,John Masefield,1935,"Children's literature, Fantasy, Fiction"
Backwards,Rob Grant,1996-02-05,"Science Fiction, Speculative fiction, Comedy"
Orange Crush,Tim Dorsey,2001-07,"Crime Fiction, Mystery, Fiction, Suspense"
Mutation,Robin Cook,1990,"Thriller, Children's literature, Fiction, Novel"
Tom Clancy's Splinter Cell,David Michaels,2004-12-07,Spy fiction
Saint Overboard,Leslie Charteris,1936,"Mystery, Novel, Fiction, Suspense"
In the Light of Truth: The Grail Message,,,
On Basilisk Station,David Weber,1993,"Science Fiction, Speculative fiction, Military science fiction"
Honor Among Enemies,David Weber,1996,"Science Fiction, Speculative fiction, Military science fiction"
The Short Victorious War,David Weber,1994,"Science Fiction, Speculative fiction, Military science fiction"
Flag in Exile,David Weber,1995,"Science Fiction, Speculative fiction, Military science fiction"
Cat's Eye,Margaret Atwood,1988-09,"Speculative fiction, Künstlerroman, Novel"
Life in the Iron Mills,Rebecca Harding Davis,,"Historical fiction, Fiction"
The Honor of the Queen,David Weber,1993,"Science Fiction, Speculative fiction, Military science fiction"
Leo Africanus,Amin Maalouf,,Historical novel
Field of Dishonor,David Weber,1994-11-24,"Science Fiction, Speculative fiction, Military science fiction"
In Enemy Hands,David Weber,1996,"Science Fiction, Speculative fiction, Military science fiction"
Blankets,Craig Thompson,2003-07-23,"Memoir, Graphic novel"
Neutron Star,Larry Niven,,
La Peau de chagrin,Honoré de Balzac,,Fantasy
Echoes of Honor,David Weber,1998,"Science Fiction, Speculative fiction, Military science fiction"
Ashes of Victory,David Weber,2000,"Science Fiction, Speculative fiction, Military science fiction"
War of Honor,David Weber,2002,"Science Fiction, Speculative fiction, Military science fiction"
The Cabinet of Curiosities,Lincoln Child,2002,"Thriller, Science Fiction, Speculative fiction, Fiction"
Collapse: How Societies Choose to Fail or Succeed,Jared Diamond,2005,Non-fiction
Ralph 124C 41+,Hugo Gernsback,1911,"Science Fiction, Speculative fiction"
Amsterdam,Ian McEwan,1998-12-01,"Fiction, Novel"
The Gilded Age: A Tale of Today,Mark Twain,1873,Novel
The Legend of the Condor Heroes,Louis Cha,1957,Wuxia
Fool's Errand,Robin Hobb,2001,"Speculative fiction, Fantasy"
Golden Fool,Robin Hobb,,"Speculative fiction, Fantasy, Fiction"
The Friar's Prologue and Tale,Geoffrey Chaucer,,
Shaman's Crossing,Robin Hobb,2005,"Speculative fiction, Fantasy"
Vampire$,John Steakley,1992-05-05,"Speculative fiction, Fantasy"
The Torrents of Spring,Ernest Hemingway,1926,Fiction
Friend of My Youth,Alice Munro,,Fiction
The Song of the Lark,Willa Cather,1915,"Children's literature, Fiction, Novel"
A Kingdom of Dreams,Judith McNaught,1989-03-01,"History, Fiction, Romance novel, Novel"
The Naked Face,Sidney Sheldon,1970,"Thriller, Fiction"
Fool's Fate,Robin Hobb,2003,"Speculative fiction, Fantasy"
Ship of Magic,Robin Hobb,1998-01-09,"Speculative fiction, Fantasy, Fiction"
Salamandastron,Brian Jacques,1992,"Children's literature, Fantasy, Speculative fiction, Fiction"
To Say Nothing of the Dog,Connie Willis,1997,"Science Fiction, Comedy, Fiction"
The Bean Trees,Barbara Kingsolver,1988,"Travel, Children's literature, Fiction"
Crown of Slaves,Eric Flint,,"Science Fiction, Speculative fiction, Spy fiction"
The Shadow of Saganami,David Weber,2004-11-01,"Science Fiction, Speculative fiction, Military science fiction"
Piece of Cake,Derek Robinson,1983,War novel
Muertos incómodos,Paco Ignacio Taibo II,2004-11,Novel
"Alice, Girl from the Future",,,"Science Fiction, Children's literature, Young adult literature"
Asterix and the Big Fight,,,
Trans-Atlantyk,Witold Gombrowicz,,Novel
Rim of the Pit,,,Mystery
The Mediterranean Caper,Clive Cussler,,"Techno-thriller, Fiction, Adventure novel"
Raft,Stephen Baxter,1991,"Hard science fiction, Science Fiction, Speculative fiction"
Radio Golf,August Wilson,,
Timelike Infinity,Stephen Baxter,1992-12-07,"Science Fiction, Speculative fiction"
Learning to Sing: Hearing the Music in Your Life,Clay Aiken,2004-11-16,
Yak Butter Blues: A Tibetan Trek of Faith,,,
The Kite Runner,Khaled Hosseini,2003-05-29,"Historical fiction, Fiction, Novel"
The Sands of Time,Sidney Sheldon,1988,Fiction
Rage of Angels,Sidney Sheldon,1980,"Thriller, Mystery, Novel, Fiction"
The Matarese Circle,Robert Ludlum,1979,"Spy fiction, Fiction"
Metahistory,Hayden V. White,1974,
Blink: The Power of Thinking Without Thinking,Malcolm Gladwell,2005-01-11,Non-fiction
Pharaoh,Bolesław Prus,,Historical novel
Arrival and Departure,Arthur Koestler,,Fiction
Concluding,Henry Green,1946,Novel
Household Gods,Judith Tarr,,"Science Fiction, Speculative fiction"
Camouflage,Joe Haldeman,2004,"Science Fiction, Speculative fiction, Novel"
Exit to Eden,Anne Rice,1985-05,"Science Fiction, Speculative fiction, Fantasy, Fiction"
The Infernal Desire Machines of Doctor Hoffman,Angela Carter,1972,"Speculative fiction, Fiction"
My Ántonia,Willa Cather,1918,Historical fiction
Sutherlin Alliance,,,Science Fiction
The First Man in Rome,Colleen McCullough,1990,"Historical fiction, Fiction"
Simulacron-3,Daniel F. Galouye,1964,"Science Fiction, Speculative fiction"
Rakkety Tam,Brian Jacques,2004,"Children's literature, Fantasy, Speculative fiction, Fiction"
Deadhouse Gates,Steven Erikson,2000-09-01,"Speculative fiction, Fantasy, Fiction"
Memories of Ice,Steven Erikson,2001-12-06,"Speculative fiction, Fantasy, Fiction"
House of Chains,Steven Erikson,2002-12-02,"Speculative fiction, Fantasy, Fiction"
Midnight Tides,Steven Erikson,2004-03-01,"Speculative fiction, Fantasy, Fiction"
The Bonehunters,Steven Erikson,2006-03-01,"Speculative fiction, Fantasy, Fiction"
Toll the Hounds,Steven Erikson,2008-06-30,"Speculative fiction, Fantasy, Novel"
The Poison Belt,Arthur Conan Doyle,1913,"Science Fiction, Speculative fiction"
Bodily Harm,Margaret Atwood,1981,"Speculative fiction, Fiction"
Lady Oracle,Margaret Atwood,1976,"Speculative fiction, Fiction"
The Good Shepherd,C. S. Forester,1955,"Historical fiction, Fiction, Historical novel"
Brown on Resolution,C. S. Forester,1929,Fiction
One for the Morning Glory,John Barnes,1996-04,"Speculative fiction, Fantasy"
Stations of the Tide,Michael Swanwick,1991,"Science Fiction, Speculative fiction, Novel"
The Blank Slate: The Modern Denial of Human Nature,Steven Pinker,2002,Non-fiction
Death to the French,C. S. Forester,1932,"Fiction, Suspense, Historical novel"
Tom Sawyer Abroad,Mark Twain,1894,"Children's literature, Reference, Novel, Adventure novel"
War for the Oaks,Emma Bull,1987,"Children's literature, Fantasy, Speculative fiction, Fiction"
The Garden of Eden,Ernest Hemingway,1986,Fiction
Marabou Stork Nightmares,Irvine Welsh,1995,"Speculative fiction, Novel"
The Word for World is Forest,Ursula K. Le Guin,1976,"Science Fiction, Children's literature, Novel, Speculative fiction"
Darwinia,Robert Charles Wilson,1998,"Alternate history, Science Fiction, Speculative fiction, Novel"
Blood and Chocolate,Annette Curtis Klause,1997,"Speculative fiction, Fantasy"
Whisky Galore!,Compton Mackenzie,1947,"Farce, Comedy"
The Loneliness of the Long Distance Runner,Alan Sillitoe,,
The Bourne Legacy,Robert Ludlum,2004-06-22,Spy fiction
Journey to the East,Hermann Hesse,1932,"Fiction, Novel"
True West,Sam Shepard,,
Narcissus and Goldmund,Hermann Hesse,1930,Fiction
The Winds of War,Herman Wouk,1971-11-15,"War novel, Children's literature, Fiction"
Hard-Boiled Wonderland and the End of the World,Haruki Murakami,1985,"Speculative fiction, Novel"
The Wind-Up Bird Chronicle,Haruki Murakami,,"Speculative fiction, Fiction, Novel"
Memories of My Melancholy Whores,Gabriel García Márquez,2004,Novel
Maia,Richard Adams,1984,"Science Fiction, Speculative fiction, Fantasy, Fiction"
The Pendragon Adventure,D.J. MacHale,,"Fantasy, Science Fiction, Young adult literature"
Perceforest,,,
Peter Simple,Frederick Marryat,,Fiction
Absolute Power,Ray Russell,1996-11-01,"Thriller, Crime Fiction, Speculative fiction, Fiction"
The Original of Laura,Vladimir Vladimirovich Nabokov,,
Shatterglass,Tamora Pierce,2003-03,"Children's literature, Fantasy, Speculative fiction, Fiction"
Nausea,Jean-Paul Sartre,,"Autobiography, Biography, Fiction, Philosophy"
"Abarat: Days of Magic, Nights of War",Clive Barker,2004,"Fantasy, Speculative fiction, Young adult literature"
Brigitta,,,
Kidnapped,Robert Louis Stevenson,,"Children's literature, Fiction, Adventure novel, Historical novel"
True at First Light,Ernest Hemingway,1999,Fiction
Airport,Arthur Hailey,1968,"Mystery, Fiction, Suspense"
One Touch of Venus,S. J. Perelman,,
The Death of Ivan Ilyich,Leo Tolstoy,1886,"Fiction, Philosophy"
The 12.30 from Croydon,Freeman Wills Crofts,,Mystery
The Facts in the Case of M. Valdemar,Edgar Allan Poe,1845-12,Suspense
Against the Fall of Night,Arthur C. Clarke,,"Science Fiction, Speculative fiction"
Jitterbug Perfume,Tom Robbins,,"Speculative fiction, Fiction, Novel"
Kitchen,Banana Yoshimoto,1988,Fiction
Death Wish,Brian Garfield,1972,"Thriller, Crime Fiction, Drama, Fiction"
Peter Camenzind,Hermann Hesse,1904,"Speculative fiction, Fiction, Novel"
The High King,Lloyd Alexander,1968-06,"Children's literature, Fantasy, Speculative fiction, Fiction"
The Diary of a Young Girl,Anne Frank,1947,"Autobiography, Biography, Children's literature, High fantasy"
Gathering Blue,Lois Lowry,2000,"Science Fiction, Children's literature, Speculative fiction, Young adult literature"
Messenger,Lois Lowry,2004,"Science Fiction, Speculative fiction, Children's literature, Utopian and dystopian fiction"
The Man Who Counted,,,
Boomeritis,Ken Wilber,,Fiction
Veronika Decides to Die,Paulo Coelho,1998,
Attack Poodles and Other Media Mutants,James Wolcott,,
Number 31328,,,
The Songlines,Bruce Chatwin,1987,"Travel, Fiction, Non-fiction"
In Watermelon Sugar,Richard Brautigan,1968-06-14,"Apocalyptic and post-apocalyptic fiction, Speculative fiction, Fiction"
The Kraken Wakes,John Wyndham,,"Science Fiction, Speculative fiction, Fantasy"
Aristoi,Walter Jon Williams,1992,"Science Fiction, Speculative fiction"
The Prometheus Deception,Robert Ludlum,2000-10-31,"Mystery, Spy fiction, Fiction, Suspense"
Loamhedge,Brian Jacques,2003,"Children's literature, Fantasy, Speculative fiction, Fiction"
The Castle of Iron,Fletcher Pratt,1950,"Speculative fiction, Fantasy"
"""Repent, Harlequin!"" Said the Ticktockman",Harlan Ellison,1965-12,Fiction
Esther: A Novel,,,
Leave it to Psmith,P. G. Wodehouse,1923-11-30,"Mystery, Comedy, Comic novel, Humour"
Anne of Avonlea,Lucy Maud Montgomery,1909,Children's literature
Anne of the Island,Lucy Maud Montgomery,1915,"Children's literature, Young adult literature"
Anne's House of Dreams,Lucy Maud Montgomery,1917,"Young adult literature, Novel"
Anne of Windy Poplars,Lucy Maud Montgomery,1936,"Epistolary novel, Children's literature, Young adult literature, Fiction"
Anne of Ingleside,Lucy Maud Montgomery,1939,Novel
The Napoleon of Notting Hill,G. K. Chesterton,1904,"Speculative fiction, Fiction"
Chainfire,Terry Goodkind,2005-01-04,"Science Fiction, Speculative fiction, Fantasy, Fiction"
Aghwee the Sky Monster,Kenzaburō Ōe,1964,
The Butter Battle Book,Dr. Seuss,1984,Children's literature
The Family: The Real Story of the Bush Dynasty,Kitty Kelley,2004-09-14,Non-fiction
Nova,Samuel R. Delany,1968,"Science Fiction, Speculative fiction, Fiction"
Cloud Nine,Caryl Churchill,,
The Amber Room,Steve Berry,2003,"Thriller, Mystery, Crime Fiction, Fiction"
The World at the End of Time,Frederik Pohl,1990,"Science Fiction, Speculative fiction"
Doktor Faustus,Thomas Mann,1947,Fiction
The Stones Are Hatching,Geraldine McCaughrean,1999,"Fantasy, Young adult literature"
Devil's Cub,Georgette Heyer,1932,Romance novel
Secrets in the Fire,Henning Mankell,,"Children's literature, Young adult literature, Fiction"
The Drought,J. G. Ballard,1964,"Science Fiction, Fantasy, Fiction"
Rough Draft,Sergey Lukyanenko,,"Fantasy, Adventure novel"
Resurrection Blues,Arthur Miller,,
Interstellar Pig,William Sleator,,"Science Fiction, Speculative fiction, Children's literature, Fiction"
The Green Futures of Tycho,William Sleator,1981,"Science Fiction, Children's literature, Speculative fiction, Young adult literature"
Adrian Mole and the Weapons of Mass Destruction,Sue Townsend,2004-10-07,"Young adult literature, Fiction"
Make Way For Ducklings,Robert McCloskey,,"Picture book, Children's literature, Fiction"
Toilers of the Sea,Victor Hugo,,"Fiction, Novel"
The Man Who Laughs,Victor Hugo,,"Historical fiction, Fiction, Romance novel, Novel"
Ninety-Three,Victor Hugo,1874,"Historical fiction, Fiction"
Le Dernier jour d'un condamné,Victor Hugo,1829,
Along Came a Spider,Athena Alexis,1993,"Thriller, Crime Fiction, Speculative fiction, Mystery"
Les Enfants Terribles,Jean Cocteau,1929,"Children's literature, Fiction"
The Alienist,Caleb Carr,1994-03-15,"Crime Fiction, Speculative fiction, Historical novel"
Zami: A New Spelling of My Name,Audre Lorde,1982,Biography
Giovanni's Room,James Baldwin,1956,Novel
Coquette,Hannah Webster Foster,1797,
The Rocking-Horse Winner,D. H. Lawrence,,
Ten Men,Alexandra Gray,2005-01-13,Novel
Man of Two Worlds,Brian Herbert,1986,"Science Fiction, Speculative fiction"
Tower of Glass,Robert Silverberg,1970,"Science Fiction, Speculative fiction, Novel"
Callahan's Lady,Spider Robinson,1989-05-01,"Science Fiction, Speculative fiction"
Cyrano de Bergerac,Edmond Rostand,,
Rouse Up O Young Men of the New Age!,Kenzaburō Ōe,,
Beggars Ride,Nancy Kress,1996,"Science Fiction, Speculative fiction, Fiction"
Age of Iron,John Maxwell Coetzee,1990-10,Novel
The Broker,John Grisham,2005-01-11,"Thriller, Mystery, Novel, Fiction"
Sphereland,Dionys Burger,1965,"Science Fiction, Science"
Mr. Midshipman Hornblower,C. S. Forester,1950,"Historical fiction, Fiction, Historical novel"
Lieutenant Hornblower,C. S. Forester,1952,"Historical fiction, Fiction, Historical novel"
Hornblower and the Hotspur,C. S. Forester,1962,"Historical fiction, Fiction, Historical novel"
Across the River and Into the Trees,Ernest Hemingway,1950,"Fiction, Novel"
The Pigman,Paul Zindel,1968-10-12,"Children's literature, Young adult literature, Fiction, Novel"
Consider Her Ways,,,
Ages in Chaos,Immanuel Velikovsky,,"Mathematics, Science, Sociology"
Inkheart,Cornelia Funke,2003-09-23,"Speculative fiction, Fantasy, Children's literature, Bildungsroman"
Death Is a Lonely Business,Ray Bradbury,1985-10,"Mystery, Speculative fiction"
Piece by Piece,Ann Powers,2005-02,
Birthright: The Book of Man,Mike Resnick,,"Science Fiction, Speculative fiction"
Westward Ho!,,,Historical novel
Because of Winn-Dixie,Kate DiCamillo,,"Children's literature, Young adult literature, Fiction"
The Princess and the Goblin,George MacDonald,1872,"Speculative fiction, Fantasy, Children's literature"
Queen Zixi of Ix,L. Frank Baum,,"Children's literature, Fantasy, Speculative fiction, Novel"
The Sand Child,Tahar Ben Jelloun,1985,"Novel, Magic realism"
"Blood Meridian, or the Evening Redness in the West",Cormac McCarthy,1985-02,"Western, Fiction, Historical novel"
All the Pretty Horses,Cormac McCarthy,1992-05,"Children's literature, Fiction, Novel"
The Titan,P. Schuyler Miller,1914,"Business, Inspirational, Speculative fiction, Economics"
In Desert and Wilderness,Henryk Sienkiewicz,1912,"Young adult literature, Fiction"
My Inventions: The Autobiography of Nikola Tesla,Ben Johnston,1919,Autobiography
Child of God,Cormac McCarthy,1974,"Gothic fiction, Fiction, Novel"
Suttree,Cormac McCarthy,1979-05,"Autobiographical novel, Fiction"
The Crossing,Cormac McCarthy,1994-06,Fiction
Cities of the Plain,Cormac McCarthy,1998-05-12,"Western fiction, Fiction, Novel"
Parthiban Kanavu,Kalki Krishnamurthy,2003-01,Historical novel
The Garden of the Finzi-Continis,Giorgio Bassani,1962,"Historical fiction, Fiction, Historical novel"
Checkmate,,,
The Summer Tree,Guy Gavriel Kay,1984,"Science Fiction, Speculative fiction, Fantasy"
Trouble with Lichen,John Wyndham,1960,"Science Fiction, Speculative fiction"
The Outward Urge,John Wyndham,1959,"Science Fiction, Speculative fiction"
Absolute Beginners,Colin MacInnes,1959,"Mystery, Novel, Fiction, Suspense"
Q-Squared,Peter David,1994-07,"Science Fiction, Speculative fiction"
Cloud Atlas,David Mitchell,2004,"Fantasy, Fiction, Novel"
Lottie and Lisa,Erich Kästner,,Children's literature
Spartacus,Lewis Grassic Gibbon,,"Biography, Historical fiction, Fiction"
Naomi,,1947-11,Novel
Alton Locke,,,Industrial novel
Paladin of Souls,Lois McMaster Bujold,2003-09-23,"Speculative fiction, Fantasy"
The Princess of Cleves,"Marie-Madeleine Pioche de la Vergne, comtesse de la Fayette",1678-03,
Adam Bede,George Eliot,1859,"Fiction, Historical novel"
Nuns and Soldiers,Iris Murdoch,1980,"Fiction, Novel"
Firewing,Kenneth Oppel,2002-04-18,"Children's literature, Fantasy, Speculative fiction, Fiction"
Splinter of the Mind's Eye,Alan Dean Foster,1978,Science Fiction
The Living Corpse,Leo Tolstoy,1911,
The Very Hungry Caterpillar,Eric Carle,1969-12-31,"Picture book, Children's literature, Fiction"
Queen of the Demonweb Pits,,,Role-playing game
Terminal,Robin Cook,1993,"Thriller, Speculative fiction, Novel"
Seize the Day,Saul Bellow,1956,Fiction
Summer Sisters,Judy Blume,1998,Novel
End Zone,Don DeLillo,1972-03,"Speculative fiction, Fiction, Novel"
Mike Nelson's Death Rat!,,,Comedy
The Final Unfinished Voyage of Jack Aubrey,Patrick O'Brian,2004,"Historical fiction, Fiction, Historical novel"
Mrs. Warren's Profession,George Bernard Shaw,,
Confessions of a Crap Artist,Philip K. Dick,1975,"Science Fiction, Novel"
Join My Cult,James Curcio,2004-11,"Satire, Speculative fiction, Novel"
The Virginian,Owen Wister,1902,"Western fiction, Western, Children's literature, Fiction"
Queer,William S. Burroughs,1985-11,"Novel, Novella"
Lunar Park,Bret Easton Ellis,2005-08-16,"Speculative fiction, Horror, Fiction, Roman à clef"
War and Remembrance,Herman Wouk,1978,"War novel, Children's literature, Fiction"
Lair of the White Worm,Bram Stoker,1911,"Science Fiction, Speculative fiction, Horror, Fiction"
The Book and the Brotherhood,Iris Murdoch,,
Nightmare Alley,William Lindsay Gresham,1946,Novel
Corazón salvaje,Caridad Bravo Adams,,
Damnation Alley,Roger Zelazny,1969,"Science Fiction, Speculative fiction"
Curtain,Agatha Christie,1975-09,"Crime Fiction, Mystery, Children's literature, Fiction"
Yumegari,,,
Take Me Out,Richard Greenberg,,
Enemy Mine,David Gerrold,,"Speculative fiction, Fiction"
A Widow for One Year,John Irving,1998-05-05,"Speculative fiction, Fiction"
The Looking-Glass War,John le Carré,1965-06,Spy fiction
Confessions of an English Opium-Eater,Thomas de Quincey,,"Autobiography, Biography, Fiction, Poetry"
Efuru,Flora Nwapa,1966,
The Canterville Ghost,Oscar Wilde,,"Children's literature, Horror, Fiction"
Moonlight Shadow,,,
Outcast of Redwall,Brian Jacques,1995,"Science Fiction, Children's literature, Fantasy, Speculative fiction"
Love! Valour! Compassion!,Terrence McNally,,
Isle of the Dead,Roger Zelazny,1969,"Science Fiction, Speculative fiction"
Men Among the Ruins,,,
The Truth,Terry Pratchett,2000,"Science Fiction, Speculative fiction, Fantasy, Fiction"
The Secret Life of Plants,Peter Tompkins,1973,
The Sands of Mars,Arthur C. Clarke,1951,"Science Fiction, Speculative fiction"
In the Miso Soup,Ryu Murakami,1997,Novel
69,Ryu Murakami,1987,"Novel, Roman à clef"
Riz noir,Anna Moï,2004,Historical novel
The Lady in the Lake,Raymond Chandler,1943,"Crime Fiction, Detective fiction, Novel, Hardboiled"
Playback,Raymond Chandler,1958,"Crime Fiction, Mystery, Hardboiled"
White Light,William Barton,,"Science Fiction, Speculative fiction, Novel"
The House of the Scorpion,Nancy Farmer,2002,"Science Fiction, Speculative fiction, Young adult literature, Utopian and dystopian fiction"
The Lake House,James Patterson,2003,"Mystery, Science Fiction, Speculative fiction, Fiction"
New Grub Street,George Gissing,1891,"Fiction, Novel"
Bovo-Bukh,,,
The Crystal City,Orson Scott Card,2003,"Alternate history, Speculative fiction, Fantasy, Fiction"
Speed-the-Plow,David Mamet,,
The Aleph,Jorge Luis Borges,1945-09,"Speculative fiction, Short story"
The Children's Story,James Clavell,,"Short story, Novella"
The Wish List,Eoin Colfer,2003-10-01,"Children's literature, Fantasy, Speculative fiction, Fiction"
The Supernaturalist,Eoin Colfer,2004,"Science Fiction, Speculative fiction, Dystopia"
Intimacy,Hanif Kureishi,,
Frenchman's Creek,Daphne du Maurier,1942,
Labyrinth of Evil,James Luceno,,"Science Fiction, Speculative fiction, Fiction"
The Sisterhood of the Traveling Pants,Ann Brashares,2001,"Children's literature, Young adult literature, Speculative fiction, Fiction"
Saturday,Ian McEwan,2005,Fiction
The Lost Years of Merlin,T. A. Barron,1996,"Children's literature, Fantasy, Speculative fiction, Fiction"
The Book of Laughter and Forgetting,Milan Kundera,,"Fiction, Magic realism, Novel"
The Joke,Milan Kundera,1967,"Fiction, Novel"
The Oath,,,"Fantasy, Horror"
The Cement Garden,Ian McEwan,,Fiction
Hitlers Bombe,,,
The Young Man From Atlanta,Horton Foote,,
Bitten,Kelley Armstrong,2001-10-01,"Horror, Adventure novel, Speculative fiction, Romance novel"
Chicken Trek,,,Children's literature
In Search of the Unknown,Mike Carr,,Role-playing game
Kendermore,Mary Kirchoff,1989-11-30,"Speculative fiction, Fantasy"
Boy Meets Boy,David Levithan,2003-09,"Young adult literature, Romance novel"
The Rule of Four,Ian Caldwell,2004,Novel
Journey by Moonlight,Antal Szerb,,"Fiction, Novel"
The Fan Club,Irving Wallace,1974,Fiction
Family Values,,,
Archangel,Robert Harris,1998,"Novel, Fiction, Suspense"
El Túnel,Ernesto Sabato,1948,Novel
The Ships of Earth,Orson Scott Card,,"Science Fiction, Speculative fiction, Fiction"
Lost at Sea,Bryan Lee O'Malley,,
The Marrow of Tradition,Charles W. Chesnutt,1901,Historical novel
The Grass Is Singing,Doris Lessing,1950,"Fiction, Novel"
The Sound of Waves,Yukio Mishima,1954,"Speculative fiction, Fiction, Novella"
Lysis,,,
Death and the King's Horseman,Wole Soyinka,,
At Bertram's Hotel,Agatha Christie,,"Cozy, Crime Fiction"
The Notting Hill Mystery,,,"Mystery, Detective fiction"
The Camp of the Saints,Jean Raspail,1973,"Speculative fiction, Novel"
A Home at the End of the World,Michael Cunningham,1990-11-07,Fiction
Kenilworth,Walter Scott,1821-01-08,Historical novel
The Death Dealers,Isaac Asimov,1958,Mystery
A Treasure's Trove,,,Children's literature
Anansi Boys,Neil Gaiman,2005-09,"Speculative fiction, Fantasy, Fiction"
"Fluke, or, I Know Why the Winged Whale Sings",Christopher Moore,2003-06-03,Absurdist fiction
The Fallon Blood,Robert Jordan,1980-02-01,"Speculative fiction, Romance novel, Historical novel"
The Twenty-One Balloons,William Pène du Bois,1947,"Speculative fiction, Children's literature"
Haunted,Chuck Palahniuk,2005-05-03,"Black comedy, Satire, Horror, Speculative fiction"
Hell House,Richard Matheson,1971,"Speculative fiction, Horror, Fiction"
Daredevil: Born Again,Frank Miller,1986-09,
Radix,A. A. Attanasio,1981,"Science Fiction, Speculative fiction"
Are You Afraid of the Dark?,Sidney Sheldon,2004,"Thriller, Crime Fiction"
The Minister's Wooing,Harriet Beecher Stowe,,Historical novel
Anil's Ghost,Michael Ondaatje,2000-03-30,"Fiction, Novel"
Son of a Witch,Gregory Maguire,2005,"Speculative fiction, Fantasy, Fiction, Parallel novel"
Pudd'nhead Wilson,Mark Twain,1894,"Science Fiction, Alternate history, Mystery, Satire"
Heart of a Dog,Mikhail Bulgakov,1925,"Science Fiction, Speculative fiction"
Scandal,A. N. Wilson,,Fiction
The Holcroft Covenant,Robert Ludlum,1978-07-27,"Spy fiction, Fiction"
The Power Broker,Robert Caro,1974,Biography
A Tiger for Malgudi,R. K. Narayan,1983,"Fiction, Novel"
The End of Alice,,,
Protector,Larry Niven,1973,"Science Fiction, Speculative fiction, Fiction, Novel"
Ignited Minds,Abdul Kalam,,
2001: A Space Odyssey,Arthur C. Clarke,1968,"Science Fiction, Speculative fiction"
Wintersmith,Terry Pratchett,2006,"Children's literature, Fantasy, Speculative fiction, Fiction"
I Shall Wear Midnight,,,Fantasy
The Peshawar Lancers,S. M. Stirling,2002,"Alternate history, Science Fiction, Speculative fiction"
The Edge of the Cloud,K. M. Peyton,1969-01,"Children's literature, Novel"
Flambards Divided,,,
Flambards in Summer,K. M. Peyton,1969-10,Children's literature
"David Starr, Space Ranger",Isaac Asimov,1952,"Science Fiction, Speculative fiction, Novel"
Agricola,,,
Lucky Starr and the Big Sun of Mercury,Isaac Asimov,1956,"Science Fiction, Speculative fiction, Novel"
Lucky Starr and the Moons of Jupiter,Isaac Asimov,1957,"Science Fiction, Speculative fiction, Fiction, Novel"
Lucky Starr and the Oceans of Venus,Isaac Asimov,1954,"Science Fiction, Speculative fiction, Novel"
Lucky Starr and the Rings of Saturn,Isaac Asimov,1958,"Science Fiction, Speculative fiction, Novel"
Lucky Starr and the Pirates of the Asteroids,Isaac Asimov,1953,"Science Fiction, Speculative fiction, Novel"
A Taste of Honey,Shelagh Delaney,,
A Year in the Merde,,,
The Knight of Sainte-Hermine,Alexandre Dumas,,
Phantoms,Dean Koontz,1983-03,"Thriller, Children's literature, Horror, Speculative fiction"
Kingdom of Fear,Hunter S. Thompson,,"Autobiography, Biography"
Starfighters of Adumar,Aaron Allston,,"Science Fiction, Speculative fiction, Fantasy, Fiction"
The Great Redwall Feast,Brian Jacques,1996,"Children's literature, Fantasy, Speculative fiction, Fiction"
Firefox,Craig Thomas,1977-08-08,"Techno-thriller, Fiction"
Oeconomicus,Xenophon,,Treatise
A Swiftly Tilting Planet,Madeleine L'Engle,1978-07-01,"Science Fiction, Children's literature, Speculative fiction, Young adult literature"
Hyperion,Dan Simmons,1989,"Science fantasy, Science Fiction, Novel, Speculative fiction"
Heir Apparent,Vivian Vande Velde,2002,"Science Fiction, Speculative fiction, Fantasy, Children's literature"
The Secret History,Donna Tartt,1992,"Fiction, Novel"
Jacob's Room,Virginia Woolf,1922-10-26,Novel
The Family,Mario Puzo,2001-10,"Historical fiction, Fiction, Historical novel"
"Roll of Thunder, Hear My Cry",Mildred Taylor,1976,Fiction
Tailchaser's Song,Tad Williams,1985-11-21,"Speculative fiction, Fantasy"
The Ascension Factor,Frank Herbert,1988,"Science Fiction, Speculative fiction"
The Outlaw of Torn,Edgar Rice Burroughs,1927,"Science Fiction, Children's literature, Reference, Historical fiction"
Hotel du Lac,Anita Brookner,1984-09-06,"Fiction, Romance novel, Novel"
Pharsalia,Lucan,,
Bend Sinister,Vladimir Vladimirovich Nabokov,,Dystopia
Der Richter und sein Henker,Friedrich Dürrenmatt,1950,"Crime Fiction, Detective fiction, Novella"
A Wish for Wings That Work,Berkeley Breathed,1991,Children's literature
Asterix and the Golden Sickle,René Goscinny,1962,
Way Station,Clifford D. Simak,1963,"Science Fiction, Speculative fiction, Fiction"
Black Wind,F. Paul Wilson,,"Techno-thriller, Speculative fiction, Fiction, Adventure novel"
Never Let Me Go,Kazuo Ishiguro,2005,"Fiction, Novel"
Asterix and the Goths,René Goscinny,1963,
The Richleighs of Tantamount,Barbara Willard,,Children's literature
The Moving Finger,Agatha Christie,,"Cozy, Crime Fiction"
The Testament,John Grisham,1999-02-02,"Thriller, Fiction, Suspense"
A Painted House,John Grisham,2001-02-06,"Thriller, Fiction"
"The Smiling, Proud Wanderer",Louis Cha,1967,Wuxia
Ella Minnow Pea,Mark Dunn,2002-10,"Epistolary novel, Novel"
Surfacing,Margaret Atwood,,"Speculative fiction, Fiction"
The Mad Man,Samuel R. Delany,1994,"Fiction, Novel"
Sons of Fortune,Jeffrey Archer,,Fiction
Guerrillas,V.S. Naipaul,1975,Novel
Feed,Matthew Tobin Anderson,2002,"Science Fiction, Fiction, Dystopia"
Possession: A Romance,A. S. Byatt,1990,"Speculative fiction, Novel"
Tomb of the Lizard King,Mark Acres,,
Shiroi Kyotō,Toyoko Yamasaki,,
A Case of Conscience,James Blish,1958,"Science Fiction, Speculative fiction, Novel"
Blind Lake,Robert Charles Wilson,2003-08-02,"Science Fiction, Speculative fiction"
La Distinction,,,
The King Must Die,Mary Renault,1958,"Speculative fiction, Fiction, Historical novel"
A Yellow Raft in Blue Water,Michael Dorris,1987-05,"Children's literature, Fiction, Novel"
Katherine,Anya Seton,,"Biography, Historical fiction, Romance novel, Fiction"
The Monkey,Stephen King,1980-11,
A History of Violence,John Wagner,1997,
The Mystery of the Blue Train,Agatha Christie,,"Crime Fiction, Mystery, Children's literature, Fiction"
The Way of the World,William Congreve,,
The Private Life of Chairman Mao,Li Zhisui,1994,Memoir
The Man in the Maze,Robert Silverberg,1969,"Science Fiction, Speculative fiction, Fiction"
Mortal Fear,Robin Cook,1988,"Thriller, Speculative fiction, Fiction, Novel"
Vi kallar honom Anna,,,Children's literature
The Angel of Darkness,Caleb Carr,1997-09,"Crime Fiction, Novel"
Songmaster,Orson Scott Card,,"Science Fiction, Speculative fiction, Fiction"
Cabal,Clive Barker,,"Speculative fiction, Horror"
Priestess of Avalon,Marion Zimmer Bradley,2000-11-06,"Speculative fiction, Fantasy, Historical novel"
Lady of Avalon,Marion Zimmer Bradley,1997-11-06,"Speculative fiction, Fantasy, Historical novel"
Clarissa,Samuel Richardson,1748,Epistolary novel
My Name Is Asher Lev,Chaim Potok,1972-03-12,"Children's literature, Künstlerroman, Fiction"
The Forest House,Marion Zimmer Bradley,1994-04-01,"Science Fiction, Speculative fiction, Fantasy, Historical fiction"
The Godwhale,T. J. Bass,1974,"Science Fiction, Speculative fiction"
Fengshen Yanyi,Xu Zhonglin,,Fantasy
Clotel,William Wells Brown,1853,Novel
The Medium is the Massage: An Inventory of Effects,Quentin Fiore,1967,
Make Room! Make Room!,Harry Harrison,1966,"Science Fiction, Speculative fiction, Dystopia"
The Ragged Trousered Philanthropists,Robert Tressell,1914-04-23,"Fiction, Novel"
Hegira,Greg Bear,,"Science Fiction, Speculative fiction, Fiction"
Jesuit Joe,Hugo Pratt,1980,
The Face on the Cutting-Room Floor,Ernest Borneman,1937,"Crime Fiction, Mystery"
The Dunwich Horror,H. P. Lovecraft,1929-04,
The Country of the Blind,H. G. Wells,,
Galvez – Imperador do Acre,,,
Country of the Blind,Christopher Brookmyre,1997,"Crime Fiction, Mystery, Satire, Fiction"
The Songs of Kings,Barry Unsworth,2002,Novel
The Confessions of Nat Turner,William Styron,1967,"Fiction, Novel"
Gertrud,Hermann Hesse,1910,Speculative fiction
Another Country,James Baldwin,1962,Novel
Humboldt's Gift,Saul Bellow,1975,
Pigs in Heaven,Barbara Kingsolver,1993,"Fiction, Novel"
Shatterpoint,Matthew Stover,,"Science Fiction, Speculative fiction, Fiction"
The New Atlantis,Francis Bacon,1626,"Utopian fiction, Speculative fiction"
"Good-bye, Chunky Rice",Craig Thompson,1999-10,Graphic novel
"Guenevere, Queen of the Summer Country",Rosalind Miles,1999-02-02,"Speculative fiction, Fantasy, Historical novel"
Dark Passage,David Goodis,,"Crime Fiction, Mystery, Fiction, Suspense"
Fear and Trembling,Amélie Nothomb,1999,Novel
The Iron Man,Ted Hughes,1968,"Science Fiction, Children's literature, Fantasy, Fiction"
Antarctica,Kim Stanley Robinson,1997,"Science Fiction, Speculative fiction"
Kafka on the Shore,Haruki Murakami,2002,"Speculative fiction, Fiction, Novel"
A Perfect Spy,John le Carré,1986,"Spy fiction, Fiction"
Dragon Prince,Melanie Rawn,1988,"Speculative fiction, Fantasy, Fiction"
Tandia,Bryce Courtenay,1991-05,"Fiction, Novel"
The Prodigal Daughter,Jeffrey Archer,,Fiction
Legend,David Gemmell,1984-04,"Speculative fiction, Fantasy, Fiction"
A Death in the Family,James Agee,1956,"Autobiographical novel, Fiction, Novel"
The Buccaneers,Marion Mainwaring,,
The Algerine Captive,,,
Kane and Abel,Jeffrey Archer,1979,"Fiction, Novel"
Contest,Matthew Reilly,,"Thriller, Science Fiction, Speculative fiction, Mystery"
Extremely Loud and Incredibly Close,Jonathan Safran Foer,2006-04-04,"Fiction, Novel"
Our Lady of the Flowers,Jean Genet,1948,"Fiction, Novel"
The Hot Zone,Richard Preston,1994,"Hard science fiction, Fiction, Non-fiction"
Islands in the Net,Bruce Sterling,1988,"Science Fiction, Speculative fiction, Novel"
Forty Signs of Rain,Kim Stanley Robinson,2004-01,"Hard science fiction, Science Fiction, Speculative fiction"
Heer Ranjha,,,
Asterix and the Chieftain's Shield,,,
Z for Zachariah,Robert C. O'Brien,1975,"Science Fiction, Speculative fiction, Children's literature, Fiction"
Green Mansions,William Henry Hudson,,"Biography, Speculative fiction, Romance novel, Fiction"
Blade Runner 4: Eye and Talon,K. W. Jeter,2000-12-04,"Science Fiction, Speculative fiction"
Mr Standfast,"John Buchan, 1st Baron Tweedsmuir",1919,"Thriller, Novel"
Limes inferior,Janusz Zajdel,1982,"Science Fiction, Dystopia"
Paradyzja,Janusz Zajdel,,"Science Fiction, Dystopia"
Lord Hornblower,C. S. Forester,1946,"Music, Historical fiction, Children's literature, Fiction"
The Thirteen-Gun Salute,Patrick O'Brian,1989,"Historical fiction, Fiction, Historical novel"
Asterix and the Black Gold,,,
The Book of Daniel,E. L. Doctorow,1971,
Nectar in a Sieve,Kamala Purnaiya Taylor,1954,Autobiographical novel
Last Exit to Brooklyn,"Hubert Selby, Jr.",,Satire
"I, Jedi",Michael A. Stackpole,,"Science Fiction, Speculative fiction, Fantasy, Fiction"
The Tale of Cross-eyed Lefty from Tula and the Steel Flea,Nikolai Leskov,1881,
Runaway Horses,Yukio Mishima,1969,"Fiction, Novel"
The Eleventh Commandment,Lester del Rey,,"Speculative fiction, Fiction"
Coalescent,Stephen Baxter,2003-11,"Science Fiction, Speculative fiction, Fiction"
Jack Faust,Michael Swanwick,1997-09,"Science Fiction, Speculative fiction, Novel, Steampunk"
Number the Stars,Lois Lowry,1989,"Children's literature, Historical fiction, Speculative fiction, Fiction"
Night on the Galactic Railroad,Kenji Miyazawa,,"Children's literature, Fantasy, Philosophy"
Cosmopolis,Don DeLillo,,"Fiction, Novel"
The Computer That Said Steal Me,Elizabeth Levy,1983,Children's literature
The Duplicate,William Sleator,,"Science Fiction, Speculative fiction, Children's literature, Fiction"
Free Air,Sinclair Lewis,1919,Fiction
Solomon Gursky Was Here,Mordecai Richler,1989,"Fiction, Novel"
Sugar Blues,William Dufty,,
Scarecrow,Matthew Reilly,2003-11,"Techno-thriller, Novel"
Anvil of Stars,Greg Bear,1993,"Science Fiction, Speculative fiction, Fiction"
The Drowned World,J. G. Ballard,1962,"Science Fiction, Apocalyptic and post-apocalyptic fiction, Speculative fiction, Fiction"
Fearful Symmetries,S. Andrew Swann,,"Science Fiction, Speculative fiction, Fiction"
The Last Yankee,Arthur Miller,,
Conspiracy of Fools,Kurt Eichenwald,,
Thud!,Terry Pratchett,2005,"Fantasy, Fiction, Novel"
The Gods of Mars,Edgar Rice Burroughs,1918,"Science Fiction, Children's literature, Planetary romance, Speculative fiction"
The Warlord of Mars,Edgar Rice Burroughs,1919,"Science Fiction, Children's literature, Planetary romance, Speculative fiction"
Turnabout,Margaret Haddix,,"Science Fiction, Speculative fiction, Children's literature, Fiction"
Rainbow Valley,Lucy Maud Montgomery,1919,Children's literature
La Foire aux immortels,Enki Bilal,,"Science Fiction, Graphic novel"
La Femme piège,Enki Bilal,1986,
Jacob's Hands; A Fable,Aldous Huxley,,
The Artemis Fowl Files,Eoin Colfer,2004-10-04,"Science Fiction, Children's literature, Fantasy, Speculative fiction"
The Bluest Eye,Toni Morrison,1970,"Fiction, Novel"
The Valley of Horses,Jean M. Auel,1982-04-13,"Speculative fiction, Alternate history, Historical fiction, Fantasy"
Tiger Eyes,Judy Blume,1981,"Children's literature, Young adult literature, Fiction"
Knowledge of Angels,Jill Paton Walsh,1994,"Crime Fiction, Mystery, Historical fiction, Fiction"
The Mammoth Hunters,Jean M. Auel,1985-12-21,"Speculative fiction, Fantasy, Historical fiction, Fiction"
What the Butler Saw,Joe Orton,,
Eine Billion Dollar,Andreas Eschbach,2001-09,
Intermere,,,Utopian and dystopian fiction
The Plains of Passage,Jean M. Auel,1990-09-24,"Speculative fiction, Fantasy, Historical fiction, Fiction"
The Glory of Living,Rebecca Gilman,,
The Shelters of Stone,Jean M. Auel,2002-04-30,"Speculative fiction, Fantasy, Historical fiction, Fiction"
Natalie Natalia,Nicholas Mosley,,
Woken Furies,Richard Morgan,2005-03-17,"Science Fiction, Speculative fiction, Novel"
The Great Train Robbery,Michael Crichton,1975-05,"Crime Fiction, Science Fiction, Mystery, Fiction"
Father Sergius,Leo Tolstoy,1912,
Utilitarianism,John Stuart Mill,,"Business, Economics, Philosophy, Sociology"
The Heidi Chronicles,Wendy Wasserstein,,
Shampoo Planet,Douglas Coupland,1992,"Fiction, Novel"
The Family from One End Street,Eve Garnett,1937,"Children's literature, Fiction"
Cold Sassy Tree,Olive Ann Burns,1984-11,"Fiction, Historical novel"
The Lost Honour of Katharina Blum,Heinrich Böll,1974,Novel
Voyage in the Dark,Jean Rhys,1934,Fiction
The Story of Doctor Dolittle,Hugh Lofting,,"Children's literature, Fantasy, Speculative fiction, Fiction"
Absolute Friends,John le Carré,2003,Novel
Shiloh,Phyllis Reynolds Naylor,1991,"Children's literature, Fiction"
We All Fall Down,Robert Cormier,1991-10,"Thriller, Children's literature, Fiction, Novel"
The Glass Lake,Maeve Binchy,1994-09-02,"Fiction, Romance novel"
Sharpe's Regiment,Bernard Cornwell,1986-01-20,Historical novel
The Voyages of Doctor Dolittle,Hugh Lofting,1922,"Children's literature, Fantasy, Speculative fiction, Fiction"
Among the Hidden,Margaret Haddix,,"Science Fiction, Children's literature, Speculative fiction, Young adult literature"
Moon Tiger,Penelope Lively,1987,"Fiction, Novel"
Snow Falling on Cedars,David Guterson,1994,"Fiction, Novel"
Rocket Boys,Homer Hickam,1998-09-15,Memoir
A Pale View of Hills,Kazuo Ishiguro,1982-02,"Fiction, Novel"
Doctor Dolittle's Garden,Hugh Lofting,1927,Children's literature
Doctor Dolittle in the Moon,Hugh Lofting,1928,"Children's literature, Fantasy"
The Beautiful and Damned,F. Scott Fitzgerald,,"Fiction, Novel"
Better Than Life,Rob Grant,1990-10-25,"Science Fiction, Speculative fiction"
Earthsearch II,James Follett,,"Science Fiction, Speculative fiction, Fantasy"
The Jew of Malta,Christopher Marlowe,,
Dragon's Eye: A Chinese Noir,Andy Oakes,,Crime Fiction
Exiles,James Joyce,1918-05-25,Drama
The Last Days of Pompeii,,1834,
The Well of Loneliness,Radclyffe Hall,1928,"Künstlerroman, Novel"
The Heaven Sword and Dragon Sabre,Louis Cha,1961,"Wuxia, Novel"
Dead Man's Folly,Agatha Christie,,Crime Fiction
Doctor Dolittle's Return,Hugh Lofting,,"Children's literature, Fantasy"
Arrows of the Queen,Mercedes Lackey,1987-03,"Speculative fiction, Fantasy, Fiction"
The Oaken Throne,Robin Jarvis,1993-09-30,"Historical fiction, Children's literature, Fantasy, Speculative fiction"
High Rhulain,Brian Jacques,2005,"Speculative fiction, Fantasy, Children's literature"
The Longest Journey,E. M. Forster,1907,"Autobiographical novel, Fiction, Bildungsroman"
The Drowning Pool,Ross Macdonald,1950,"Crime Fiction, Mystery, Suspense"
The Company of Women,Khushwant Singh,,Novel
Homeward Bound,Harry Turtledove,2004-12-28,"Alternate history, Science Fiction, Speculative fiction"
The Far Pavilions,M. M. Kaye,1978-09,
